學年度,代碼,學校名稱,公/私立,縣市名稱,地址,電話,網址,體系別
103,0001,國立政治大學,公立,[38]臺北市,[116]臺北市文山區指南路二段64號,(02)29393091,http://www.nccu.edu.tw,[1]一般
103,0002,國立清華大學,公立,[18]新竹市,[300]新竹市東區光復路二段101號,(03)5715131,http://www.nthu.edu.tw,[1]一般
103,0003,國立臺灣大學,公立,[33]臺北市,[106]臺北市大安區羅斯福路四段1號,(02)33663366,http://www.ntu.edu.tw,[1]一般
103,0004,國立臺灣師範大學,公立,[33]臺北市,[106]臺北市大安區和平東路一段162號,(02)77341111,http://www.ntnu.edu.tw,[3]師範
103,0005,國立成功大學,公立,[21]臺南市,[701]臺南市東區大學路1號,(06)2757575,http://www.ncku.edu.tw,[1]一般
103,0006,國立中興大學,公立,[19]臺中市,[402]臺中市南區國光路250號,(04)22873181,http://www.nchu.edu.tw,[1]一般
103,0007,國立交通大學,公立,[18]新竹市,[300]新竹市東區大學路1001號,(03)5712121,http://www.nctu.edu.tw,[1]一般
103,0008,國立中央大學,公立,[03]桃園市,[320]桃園市中壢區中大路300號,(03)4227151,http://www.ncu.edu.tw,[1]一般
103,0009,國立中山大學,公立,[52]高雄市,[804]高雄市鼓山區蓮海路70號,(07)5252000,http://www.nsysu.edu.tw,[1]一般
103,0012,國立臺灣海洋大學,公立,[17]基隆市,[202]基隆市中正區北寧路2號,(02)24622192,http://www.ntou.edu.tw,[1]一般
103,0013,國立中正大學,公立,[10]嘉義縣,[621]嘉義縣民雄鄉三興村7鄰大學路一段168號,(05)2720411,http://www.ccu.edu.tw,[1]一般
103,0014,國立高雄師範大學,公立,[58]高雄市,[802]高雄市苓雅區和平一路116號,(07)7172930,http://www.nknu.edu.tw,[3]師範
103,0015,國立彰化師範大學,公立,[07]彰化縣,[500]彰化縣彰化市進德路1號,(04)7232105,http://www.ncue.edu.tw,[3]師範
103,0016,國立陽明大學,公立,[42]臺北市,[112]臺北市北投區立農街二段155號,(02)28267000,http://www.ym.edu.tw,[1]一般
103,0017,國立臺北大學,公立,[01]新北市,[237]新北市三峽區大學路151號,(02)86741111,http://www.ntpu.edu.tw/chinese/,[1]一般
103,0018,國立嘉義大學,公立,[20]嘉義市,[600]嘉義市東區鹿寮里學府路300號,(05)2717000,http://www.ncyu.edu.tw,[1]一般
103,0019,國立高雄大學,公立,[54]高雄市,[811]高雄市楠梓區高雄大學路700號,(07)5919000,http://www.nuk.edu.tw,[1]一般
103,0020,國立東華大學,公立,[15]花蓮縣,[974]花蓮縣壽豐鄉志學村大學路二段1號,(03)8635000,http://www.ndhu.edu.tw,[1]一般
103,0021,國立暨南國際大學,公立,[08]南投縣,[545]南投縣埔里鎮大學路1號,(049)2910960#2996,http://www.ncnu.edu.tw,[1]一般
103,0022,國立臺灣科技大學,公立,[33]臺北市,[106]臺北市大安區基隆路四段43號,(02)27333141,http://www.ntust.edu.tw,[2]技職
103,0023,國立雲林科技大學,公立,[09]雲林縣,[640]雲林縣斗六市大學路三段123號,(05)5342601,http://www.yuntech.edu.tw,[2]技職
103,0024,國立屏東科技大學,公立,[13]屏東縣,[912]屏東縣內埔鄉老埤村學府路1號,(08)7703202,http://www.npust.edu.tw,[2]技職
103,0025,國立臺北科技大學,公立,[33]臺北市,[106]臺北市大安區忠孝東路三段1號,(02)27712171,http://www.ntut.edu.tw,[2]技職
103,0026,國立高雄第一科技大學,公立,[12]高雄市,[824]高雄市燕巢區大學路1號 ,(07)6011000,http://www.nkfust.edu.tw,[2]技職
103,0027,國立高雄應用科技大學,公立,[55]高雄市,[807]高雄市三民區建工路415號,(07)3814526,http://www.kuas.edu.tw,[2]技職
103,0028,國立臺北藝術大學,公立,[42]臺北市,[112]臺北市北投區學園路1號,(02)28961000,http://www.tnua.edu.tw,[1]一般
103,0029,國立臺灣藝術大學,公立,[01]新北市,[220]新北市板橋區大觀路一段59號,(02)22722181,http://www.ntua.edu.tw,[1]一般
103,0030,國立臺東大學,公立,[14]臺東縣,[950]臺東縣臺東市大學路二段369號,(089)318855,http://www.nttu.edu.tw,[1]一般
103,0031,國立宜蘭大學,公立,[02]宜蘭縣,[260]宜蘭縣宜蘭市神農路一段1號,(03)9357400,http://www.niu.edu.tw,[1]一般
103,0032,國立聯合大學,公立,[05]苗栗縣,[360]苗栗縣苗栗市恭敬里聯大1號,(037)381000,http://www.nuu.edu.tw,[1]一般
103,0033,國立虎尾科技大學,公立,[09]雲林縣,[632]雲林縣虎尾鎮文化路64號,(05)6315000,http://www.nfu.edu.tw/main.php,[2]技職
103,0034,國立高雄海洋科技大學,公立,[54]高雄市,[811]高雄市楠梓區海專路142號,(07)3617141,http://www.nkmu.edu.tw,[2]技職
103,0035,國立臺南藝術大學,公立,[11]臺南市,[720]臺南市官田區大崎里66號,(06)6930100,http://www.tnnua.edu.tw,[1]一般
103,0036,國立臺南大學,公立,[21]臺南市,[700]臺南市中西區樹林街二段33號,(06)2133111,http://web.nutn.edu.tw/,[1]一般
103,0037,國立臺北教育大學,公立,[33]臺北市,[106]臺北市大安區和平東路二段134號,(02)27321104,http://www.ntue.edu.tw/,[3]師範
103,0038,國立新竹教育大學,公立,[18]新竹市,[300]新竹市東區南大路521號,(03)5213132,http://www.nhcue.edu.tw/,[3]師範
103,0039,國立臺中教育大學,公立,[19]臺中市,[403]臺中市西區民生路140號,(04)22183199,http://www.ntcu.edu.tw,[3]師範
103,0042,國立澎湖科技大學,公立,[16]澎湖縣,[880]澎湖縣馬公市六合路300號,(06)9264115,http://www.npu.edu.tw,[2]技職
103,0043,國立勤益科技大學,公立,[06]臺中市,[411]臺中市太平區坪林里中山路二段57號,(04)23924505,http://www.ncut.edu.tw,[2]技職
103,0044,國立體育大學,公立,[03]桃園市,[333]桃園市龜山區文化一路250號,(03)3283201,http://www.ntsu.edu.tw,[1]一般
103,0046,國立臺北護理健康大學,公立,[42]臺北市,[112]臺北市北投區明德路365號,(02)28227101,http://www.ntunhs.edu.tw/bin/home.php,[2]技職
103,0047,國立高雄餐旅大學,公立,[61]高雄市,[812]高雄市小港區松和路1號,(07)8060505,http://www.nkuht.edu.tw,[2]技職
103,0048,國立金門大學,公立,[71]金門縣,[892]金門縣金寧鄉大學路1號,(082)313300,http://www.nqu.edu.tw/cht/index.php,[1]一般
103,0049,國立臺灣體育運動大學,公立,[19]臺中市,[404]臺中市北區雙十路一段16號,(04)22213108,http://www.ntupes.edu.tw,[1]一般
103,0050,國立臺中科技大學,公立,[19]臺中市,[404]臺中市北區三民路三段129號,(04)22195678,http://www.nutc.edu.tw/bin/home.php,[2]技職
103,0051,國立臺北商業大學,公立,[35]臺北市,[100]臺北市中正區濟南路一段321號,(02)23935263,http://www.ntcb.edu.tw,[2]技職
103,0052,國立屏東大學,公立,[13]屏東縣,[900]屏東縣屏東市民生路4號之18,(08)7226141,http://www.nptu.edu.tw,[1]一般
103,1001,東海大學,私立,[19]臺中市,[407]臺中市西屯區臺灣大道四段1727號,(04)23590121,http://www.thu.edu.tw,[1]一般
103,1002,輔仁大學,私立,[01]新北市,[242]新北市新莊區中正路510號,(02)29052000,http://www.fju.edu.tw,[1]一般
103,1003,東吳大學,私立,[41]臺北市,[111]臺北市士林區臨溪路70號,(02)28819471,http://www.scu.edu.tw,[1]一般
103,1004,中原大學,私立,[03]桃園市,[320]桃園市中壢區中北路200號,(03)2659999,http://www.cycu.edu.tw,[1]一般
103,1005,淡江大學,私立,[01]新北市,[251]新北市淡水區英專路151號,(02)26215656,http://www.tku.edu.tw,[1]一般
103,1006,中國文化大學,私立,[41]臺北市,[111]臺北市士林區華岡路55號,(02)28610511,http://www.pccu.edu.tw,[1]一般
103,1007,逢甲大學,私立,[19]臺中市,[407]臺中市西屯區文華路100號,(04)24517250#2258,http://www.fcu.edu.tw,[1]一般
103,1008,靜宜大學,私立,[06]臺中市,[433]臺中市沙鹿區臺灣大道7段200號,(04)26328001,http://www.pu.edu.tw,[1]一般
103,1009,長庚大學,私立,[03]桃園市,[333]桃園市龜山區文化一路259號,(03)2118800,http://www.cgu.edu.tw,[1]一般
103,1010,元智大學,私立,[03]桃園市,[320]桃園市中壢區遠東路135號,(03)4638800,http://www.yzu.edu.tw,[1]一般
103,1011,中華大學,私立,[18]新竹市,[300]新竹市香山區東香里五福路二段707號,(03)5374281,http://www.chu.edu.tw,[1]一般
103,1012,大葉大學,私立,[07]彰化縣,[515]彰化縣大村鄉學府路168號,(04)8511888,http://www.dyu.edu.tw,[1]一般
103,1013,華梵大學,私立,[01]新北市,[223]新北市石碇區華梵路1號,(02)26632102,http://www.hfu.edu.tw,[1]一般
103,1014,義守大學,私立,[12]高雄市,[840]高雄市大樹區三和里學城路一段1號,(07)6577711,http://www.isu.edu.tw,[1]一般
103,1015,世新大學,私立,[38]臺北市,[116]臺北市文山區木柵路一段17巷1號,(02)22368225,http://www.shu.edu.tw,[1]一般
103,1016,銘傳大學,私立,[41]臺北市,[111]臺北市士林區中山北路五段250號,(02)28824564,http://www.mcu.edu.tw,[1]一般
103,1017,實踐大學,私立,[34]臺北市,[104]臺北市中山區大直街70號,(02)25381111,http://www.usc.edu.tw,[1]一般
103,1018,朝陽科技大學,私立,[06]臺中市,[413]臺中市霧峰區吉峰東路168號,(04)23323000,http://www.cyut.edu.tw,[2]技職
103,1019,高雄醫學大學,私立,[55]高雄市,[807]高雄市三民區十全一路100號,(07)3121101,http://www2.kmu.edu.tw/front/bin/home.phtml,[1]一般
103,1020,南華大學,私立,[10]嘉義縣,[622]嘉義縣大林鎮南華路一段55號,(05)2721001,http://www.nhu.edu.tw,[1]一般
103,1021,真理大學,私立,[01]新北市,[251]新北市淡水區真理街32號,(02)26212121,http://www.au.edu.tw,[1]一般
103,1022,大同大學,私立,[34]臺北市,[104]臺北市中山區中山北路三段40號,(02)21822928,http://www.ttu.edu.tw,[1]一般
103,1023,南臺科技大學,私立,[11]臺南市,[710]臺南市永康區尚頂里南臺街1號,(06)2533131,http://www.stust.edu.tw,[2]技職
103,1024,崑山科技大學,私立,[11]臺南市,[710]臺南市永康區崑大路195號,(06)2727175,http://www.ksu.edu.tw,[2]技職
103,1025,嘉南藥理大學,私立,[11]臺南市,[717]臺南市仁德區二仁路一段60號,(06)2664911,http://www.chna.edu.tw,[2]技職
103,1026,樹德科技大學,私立,[12]高雄市,[824]高雄市燕巢區橫山路59號,(07)6158000,http://www.stu.edu.tw,[2]技職
103,1027,慈濟大學,私立,[15]花蓮縣,[970]花蓮縣花蓮市中央路三段701號,(03)8565301,http://www.tcu.edu.tw,[1]一般
103,1028,臺北醫學大學,私立,[32]臺北市,[110]臺北市信義區吳興街250號,(02)27361661,http://www.tmu.edu.tw,[1]一般
103,1029,中山醫學大學,私立,[19]臺中市,[402]臺中市南區建國北路一段110號,(04)24730022,http://www.csmu.edu.tw,[1]一般
103,1030,龍華科技大學,私立,[03]桃園市,[333]桃園市龜山區萬壽路一段300號,(02)82093211,http://www.lhu.edu.tw/,[2]技職
103,1031,輔英科技大學,私立,[12]高雄市,[831]高雄市大寮區進學路151號,(07)7811151,http://www.fy.edu.tw,[2]技職
103,1032,明新科技大學,私立,[04]新竹縣,[304]新竹縣新豐鄉新興路1號,(03)5593142,http://www.must.edu.tw,[2]技職
103,1033,長榮大學,私立,[11]臺南市,[711]臺南市歸仁區長大路1號,(06)2785123,http://www.cjcu.edu.tw,[1]一般
103,1034,弘光科技大學,私立,[06]臺中市,[433]臺中市沙鹿區臺灣大道六段1018號,(04)26318652,http://www.hk.edu.tw,[2]技職
103,1035,中國醫藥大學,私立,[19]臺中市,[404]臺中市北區學士路91號,(04)22053366,http://www.cmu.edu.tw,[1]一般
103,1036,健行科技大學,私立,[03]桃園市,[320]桃園市中壢區健行路229號,(03)4581196,http://www.uch.edu.tw,[2]技職
103,1037,正修科技大學,私立,[12]高雄市,[833]高雄市鳥松區澄清路840號,(07)7358800,http://www.csu.edu.tw/main.php,[2]技職
103,1038,萬能科技大學,私立,[03]桃園市,[320]桃園市中壢區萬能路1號,(03)4515811,http://www.vnu.edu.tw/,[2]技職
103,1039,玄奘大學,私立,[18]新竹市,[300]新竹市香山區東香里玄奘路48號,(03)5302255,http://www.hcu.edu.tw,[1]一般
103,1040,建國科技大學,私立,[07]彰化縣,[500]彰化縣彰化市介壽北路1號,(04)7111111,http://www.ctu.edu.tw,[2]技職
103,1041,明志科技大學,私立,[01]新北市,[243]新北市泰山區貴子里工專路84號 ,(02)29089899,http://www.mcut.edu.tw/,[2]技職
103,1042,高苑科技大學,私立,[12]高雄市,[821]高雄市路竹區中山路1821號,(07)6077777,http://http://www.kyu.edu.tw/kyunew3/index3.html,[2]技職
103,1043,大仁科技大學,私立,[13]屏東縣,[907]屏東縣鹽埔鄉新二村維新路20號,(08)7624002,http://www.tajen.edu.tw,[2]技職
103,1044,聖約翰科技大學,私立,[01]新北市,[251]新北市淡水區淡金路四段499號,(02)28013131#7011,http://www.sju.edu.tw/,[2]技職
103,1045,嶺東科技大學,私立,[19]臺中市,[408]臺中市南屯區嶺東路1號,(04)23892088,http://www.ltu.edu.tw,[2]技職
103,1046,中國科技大學,私立,[38]臺北市,[116]臺北市文山區興隆路三段56號,(02)29313416,http://www.cute.edu.tw/,[2]技職
103,1047,中臺科技大學,私立,[19]臺中市,[406]臺中市北屯區廍子路666號,(04)22391647,http://www.ctust.edu.tw,[2]技職
103,1048,亞洲大學,私立,[06]臺中市,[413]臺中市霧峰區柳豐路500號,(04)23323456,http://www.asia.edu.tw,[1]一般
103,1049,開南大學,私立,[03]桃園市,[338]桃園市蘆竹區開南路1號,(03)3412500,http://www.knu.edu.tw,[1]一般
103,1050,佛光大學,私立,[02]宜蘭縣,[262]宜蘭縣礁溪鄉林美村林尾路160號,(03)9871000,http://www.fgu.edu.tw,[1]一般
103,1051,台南應用科技大學,私立,[11]臺南市,[710]臺南市永康區中正路529號,(06)2532106,http://www.tut.edu.tw/,[2]技職
103,1052,遠東科技大學,私立,[11]臺南市,[744]臺南市新市區中華路49號,(06)5979566,http://www.feu.edu.tw,[2]技職
103,1053,元培醫事科技大學,私立,[18]新竹市,[300]新竹市香山區元培街306號,(03)5381183,http://www.ypu.edu.tw/bin/home.php,[2]技職
103,1054,景文科技大學,私立,[01]新北市,[231]新北市新店區安忠路99號,(02)82122000,http://www.just.edu.tw/,[2]技職
103,1055,中華醫事科技大學,私立,[11]臺南市,[717]臺南市仁德區文華一街89號,(06)2674567,http://www.hwai.edu.tw,[2]技職
103,1056,東南科技大學,私立,[01]新北市,[222]新北市深坑區北深路三段152號,(02)86625900,http://www.tnu.edu.tw/,[2]技職
103,1057,德明財經科技大學,私立,[40]臺北市,[114]臺北市內湖區環山路一段56號,(02)26585801,http://www.takming.edu.tw,[2]技職
103,1058,明道大學,私立,[07]彰化縣,[523]彰化縣埤頭鄉文化路369號,(04)8876660,http://www.mdu.edu.tw,[1]一般
103,1059,康寧大學,私立,[21]臺南市,[709]臺南市安南區安中路五段188號,(06)2552500,http://www.ukn.edu.tw/ukn/index.html,[1]一般
103,1060,南開科技大學,私立,[08]南投縣,[542]南投縣草屯鎮中正路568號,(049)2563489,http://www.nkut.edu.tw,[2]技職
103,1061,中華科技大學,私立,[39]臺北市,[115]臺北市南港區研究院路三段245號,(02)27821862,http://www.cust.edu.tw/www/cust.html,[2]技職
103,1062,僑光科技大學,私立,[19]臺中市,[407]臺中市西屯區僑光路100號,(04)27016855,http://www.ocu.edu.tw,[2]技職
103,1063,育達科技大學,私立,[05]苗栗縣,[361]苗栗縣造橋鄉談文村學府路168號,(037)651188,http://www.ydu.edu.tw,[2]技職
103,1064,美和科技大學,私立,[13]屏東縣,[912]屏東縣內埔鄉美和村屏光路23號,(08)7799821,http://www.meiho.edu.tw,[2]技職
103,1065,吳鳳科技大學,私立,[10]嘉義縣,[621]嘉義縣民雄鄉建國路二段117號,(05)2267125,http://www.wfu.edu.tw/wufeng/,[2]技職
103,1066,環球科技大學,私立,[09]雲林縣,[640]雲林縣斗六市嘉東里鎮南路1221號,(05)5370988,http://www.twu.edu.tw/,[2]技職
103,1067,台灣首府大學,私立,[11]臺南市,[721]臺南市麻豆區南勢168號,(06)5718888,http://www.tsu.edu.tw/,[1]一般
103,1068,中州科技大學,私立,[07]彰化縣,[510]彰化縣員林鎮山腳路三段2巷6號,(04)8359000,http://www.ccut.edu.tw,[2]技職
103,1069,修平科技大學,私立,[06]臺中市,[412]臺中市大里區工業路11號,(04)24961100,http://www.hust.edu.tw/,[2]技職
103,1070,長庚科技大學,私立,[03]桃園市,[333]桃園市龜山區文化一路261號,(03)2118999,http://new.cgust.edu.tw/front/bin/home.phtml,[2]技職
103,1071,臺北城市科技大學,私立,[42]臺北市,[112]臺北市北投區學園路2號,(02)28927154,http://www.tpcu.edu.tw,[2]技職
103,1072,大華科技大學,私立,[04]新竹縣,[307]新竹縣芎林鄉大華路1號,(03)5927700,http://www.tust.edu.tw,[2]技職
103,1073,醒吾科技大學,私立,[01]新北市,[244]新北市林口區粉寮路一段101號,(02)26015310,http://www.hwu.edu.tw,[2]技職
103,1074,南榮科技大學,私立,[11]臺南市,[737]臺南市鹽水區朝琴路178號,(06)6523111,http://www.njtc.edu.tw,[2]技職
103,1075,文藻外語大學,私立,[55]高雄市,[807]高雄市三民區民族一路900號,(07)3426031,http://www.wtuc.edu.tw,[2]技職
103,1076,華夏科技大學,私立,[01]新北市,[235]新北市中和區工專路111號,(02)89415100,http://www.hwh.edu.tw,[2]技職
103,3002,臺北市立大學,公立,[35]臺北市,[100]臺北市中正區愛國西路1號,(02)23113040,http://www.uTaipei.edu.tw,[1]一般
103,0144,國立臺灣戲曲學院,公立,[40]臺北市,[114]臺北市內湖區內湖路二段177號,(02)27962666,http://www.tcpa.edu.tw/bin/home.php,[2]技職
103,1125,興國管理學院,私立,[21]臺南市,[709]臺南市安南區臺江大道三段600號,(06)2873335,http://www.hku.edu.tw,[1]一般
103,1148,大漢技術學院,私立,[15]花蓮縣,[971]花蓮縣新城鄉大漢村樹人街1號,(038)210888,http://www.dahan.edu.tw,[2]技職
103,1150,慈濟技術學院,私立,[15]花蓮縣,[970]花蓮縣花蓮市建國路二段880號,(03)8572158,http://www.tccn.edu.tw,[2]技職
103,1159,和春技術學院,私立,[12]高雄市,[831]高雄市大寮區琉球里至學路288號,(07)7889888,http://www.fotech.edu.tw,[2]技職
103,1164,致理技術學院,私立,[01]新北市,[220]新北市板橋區文化路一段313號,(02)22576167,http://www.chihlee.edu.tw,[2]技職
103,1166,亞東技術學院,私立,[01]新北市,[220]新北市板橋區四川路二段58號,(02)77380145,http://www.oit.edu.tw,[2]技職
103,1168,桃園創新技術學院,私立,[03]桃園市,[320]桃園市中壢區中山東路三段414號,(03)4361070,http://www.tiit.edu.tw/home.aspx,[2]技職
103,1176,稻江科技暨管理學院,私立,[10]嘉義縣,[613]嘉義縣朴子市學府路二段51號,(05)3622889,http://www.toko.edu.tw,[1]一般
103,1179,德霖技術學院,私立,[01]新北市,[236]新北市土城區青雲路380巷1號,(02)22733567,http://www.dlit.edu.tw,[2]技職
103,1182,蘭陽技術學院,私立,[02]宜蘭縣,[261]宜蘭縣頭城鎮復興路79號,(03)9771997,http://www.fit.edu.tw,[2]技職
103,1183,黎明技術學院,私立,[01]新北市,[243]新北市泰山區泰林路三段22號,(02)29097811,http://www.lit.edu.tw,[2]技職
103,1184,東方設計學院,私立,[12]高雄市,[829]高雄市湖內區東方路110號,(07)6932011,http://www.tf.edu.tw,[2]技職
103,1185,經國管理暨健康學院,私立,[17]基隆市,[203]基隆市中山區復興路336號,(02)24372093,http://www.cku.edu.tw,[2]技職
103,1187,崇右技術學院,私立,[17]基隆市,[201]基隆市信義區義七路40號,(02)24237785,http://www.cit.edu.tw/,[2]技職
103,1188,大同技術學院,私立,[20]嘉義市,[600]嘉義市東區彌陀路253號,(05)2223124,http://www.ttc.edu.tw,[2]技職
103,1189,亞太創意技術學院,私立,[05]苗栗縣,[351]苗栗縣頭份鎮珊湖里學府路110號 ,(037)605500,http://w2.apic.edu.tw/,[2]技職
103,1192,臺灣觀光學院,私立,[15]花蓮縣,[974]花蓮縣壽豐鄉豐山村中興街268號,(03)8653906,http://www.tht.edu.tw,[2]技職
103,1194,台北海洋技術學院,私立,[41]臺北市,[111]臺北市士林區延平北路九段212號,(02)28102292,http://www.tcmt.edu.tw,[2]技職
103,1195,馬偕醫學院,私立,[01]新北市,[252]新北市三芝區中正路三段46號,(02)26360303,http://www.mmc.edu.tw,[1]一般
103,1196,法鼓文理學院,私立,[01]新北市,[208]新北市金山區法鼓路700號,(02) 24980707 ,http://www.ddbc.edu.tw/zh/,[1]一般
103,0221,國立臺南護理專科學校,公立,[21]臺南市,[700]臺南市中西區民族路二段78號,(06)2110600,http://www.ntin.edu.tw,[2]技職
103,0222,國立臺東專科學校,公立,[14]臺東縣,[950]臺東縣臺東市正氣北路889號,(089)226389#6000　,http://www.ntc.edu.tw,[2]技職
103,1281,康寧醫護暨管理專科學校,私立,[40]臺北市,[114]臺北市內湖區康寧路三段75巷137號,(02)26321181,http://www.knjc.edu.tw,[2]技職
103,1282,馬偕醫護管理專科學校,私立,[42]臺北市,[112]臺北市北投區聖景路92號,(02)28584180,http://www.mkc.edu.tw,[2]技職
103,1283,仁德醫護管理專科學校,私立,[05]苗栗縣,[356]苗栗縣後龍鎮溪洲里砂崙湖79之9號,(037)728855,http://www.jente.edu.tw,[2]技職
103,1284,樹人醫護管理專科學校,私立,[12]高雄市,[821]高雄市路竹區環球路452號,(07)6979333,http://www.szmc.edu.tw,[2]技職
103,1285,慈惠醫護管理專科學校,私立,[13]屏東縣,[926]屏東縣南州鄉三民路367號,(08)8647367,http://www.tzuhui.edu.tw,[2]技職
103,1286,耕莘健康管理專科學校,私立,[01]新北市,[231]新北市新店區民族路112號,(02)22191131,http://www.ctcn.edu.tw,[2]技職
103,1287,敏惠醫護管理專科學校,私立,[11]臺南市,[736]臺南市柳營區中山東路二段1116號,(06)6226111,http://www.mhchcm.edu.tw/,[2]技職
103,1288,高美醫護管理專科學校,私立,[12]高雄市,[843]高雄市美濃區成功路309號,(07)6812148,http://www.kmvs.khc.edu.tw/,[2]技職
103,1289,育英醫護管理專科學校,私立,[55]高雄市,[807]高雄市三民區大昌二路420巷15號,(07)3811765,http://163.15.186.16/releaseRedirect.do?unitID=1,[2]技職
103,1290,崇仁醫護管理專科學校,私立,[20]嘉義市,[600]嘉義市東區盧厝里紅毛埤217號,(05)2773932,http://www.cjc.edu.tw,[2]技職
103,1291,聖母醫護管理專科學校,私立,[02]宜蘭縣,[266]宜蘭縣三星鄉三星路二段265巷100號,(03)9897396,http://www.smc.edu.tw/,[2]技職
103,1292,新生醫護管理專科學校,私立,[03]桃園市,[325]桃園市龍潭區中豐路高平段418號,(03)4117578,http://www.web.hsc.edu.tw/bin/home.php,[2]技職
104,0001,國立政治大學,公立,[38]臺北市,[116]臺北市文山區指南路二段64號,(02)29393091,http://www.nccu.edu.tw,[1]一般
104,0002,國立清華大學,公立,[18]新竹市,[300]新竹市東區光復路二段101號,(03)5715131,http://www.nthu.edu.tw,[1]一般
104,0003,國立臺灣大學,公立,[33]臺北市,[106]臺北市大安區羅斯福路四段1號,(02)33663366,http://www.ntu.edu.tw,[1]一般
104,0004,國立臺灣師範大學,公立,[33]臺北市,[106]臺北市大安區和平東路一段162號,(02)77341111,http://www.ntnu.edu.tw,[3]師範
104,0005,國立成功大學,公立,[21]臺南市,[701]臺南市東區大學路1號,(06)2757575,http://www.ncku.edu.tw,[1]一般
104,0006,國立中興大學,公立,[19]臺中市,[402]臺中市南區興大路145號,(04)22873181,http://www.nchu.edu.tw,[1]一般
104,0007,國立交通大學,公立,[18]新竹市,[300]新竹市東區大學路1001號,(03)5712121,http://www.nctu.edu.tw,[1]一般
104,0008,國立中央大學,公立,[03]桃園市,[320]桃園市中壢區中大路300號,(03)4227151,http://www.ncu.edu.tw,[1]一般
104,0009,國立中山大學,公立,[52]高雄市,[804]高雄市鼓山區蓮海路70號,(07)5252000,http://www.nsysu.edu.tw,[1]一般
104,0012,國立臺灣海洋大學,公立,[17]基隆市,[202]基隆市中正區北寧路2號,(02)24622192,http://www.ntou.edu.tw,[1]一般
104,0013,國立中正大學,公立,[10]嘉義縣,[621]嘉義縣民雄鄉三興村7鄰大學路一段168號,(05)2720411,http://www.ccu.edu.tw,[1]一般
104,0014,國立高雄師範大學,公立,[58]高雄市,[802]高雄市苓雅區和平一路116號,(07)7172930,http://www.nknu.edu.tw,[3]師範
104,0015,國立彰化師範大學,公立,[07]彰化縣,[500]彰化縣彰化市進德路1號,(04)7232105,http://www.ncue.edu.tw,[3]師範
104,0016,國立陽明大學,公立,[42]臺北市,[112]臺北市北投區立農街二段155號,(02)28267000,http://www.ym.edu.tw,[1]一般
104,0017,國立臺北大學,公立,[01]新北市,[237]新北市三峽區大學路151號,(02)86741111,http://www.ntpu.edu.tw/chinese/,[1]一般
104,0018,國立嘉義大學,公立,[20]嘉義市,[600]嘉義市東區鹿寮里學府路300號,(05)2717000,http://www.ncyu.edu.tw,[1]一般
104,0019,國立高雄大學,公立,[54]高雄市,[811]高雄市楠梓區高雄大學路700號,(07)5919000,http://www.nuk.edu.tw,[1]一般
104,0020,國立東華大學,公立,[15]花蓮縣,[974]花蓮縣壽豐鄉志學村大學路二段1號,(03)8635000,http://www.ndhu.edu.tw,[1]一般
104,0021,國立暨南國際大學,公立,[08]南投縣,[545]南投縣埔里鎮大學路1號,(049)2910960#2996,http://www.ncnu.edu.tw,[1]一般
104,0022,國立臺灣科技大學,公立,[33]臺北市,[106]臺北市大安區基隆路四段43號,(02)27333141,http://www.ntust.edu.tw,[2]技職
104,0023,國立雲林科技大學,公立,[09]雲林縣,[640]雲林縣斗六市大學路三段123號,(05)5342601,http://www.yuntech.edu.tw,[2]技職
104,0024,國立屏東科技大學,公立,[13]屏東縣,[912]屏東縣內埔鄉老埤村學府路1號,(08)7703202,http://www.npust.edu.tw,[2]技職
104,0025,國立臺北科技大學,公立,[33]臺北市,[106]臺北市大安區忠孝東路三段1號,(02)27712171,http://www.ntut.edu.tw,[2]技職
104,0026,國立高雄第一科技大學,公立,[12]高雄市,[824]高雄市燕巢區大學路1號 ,(07)6011000,http://www.nkfust.edu.tw,[2]技職
104,0027,國立高雄應用科技大學,公立,[55]高雄市,[807]高雄市三民區建工路415號,(07)3814526,http://www.kuas.edu.tw,[2]技職
104,0028,國立臺北藝術大學,公立,[42]臺北市,[112]臺北市北投區學園路1號,(02)28961000,http://www.tnua.edu.tw,[1]一般
104,0029,國立臺灣藝術大學,公立,[01]新北市,[220]新北市板橋區大觀路一段59號,(02)22722181,http://www.ntua.edu.tw,[1]一般
104,0030,國立臺東大學,公立,[14]臺東縣,[950]臺東縣臺東市大學路二段369號,(089)318855,http://www.nttu.edu.tw,[1]一般
104,0031,國立宜蘭大學,公立,[02]宜蘭縣,[260]宜蘭縣宜蘭市神農路一段1號,(03)9357400,http://www.niu.edu.tw,[1]一般
104,0032,國立聯合大學,公立,[05]苗栗縣,[360]苗栗縣苗栗市恭敬里聯大1號,(037)381000,http://www.nuu.edu.tw,[1]一般
104,0033,國立虎尾科技大學,公立,[09]雲林縣,[632]雲林縣虎尾鎮文化路64號,(05)6315000,http://www.nfu.edu.tw/main.php,[2]技職
104,0034,國立高雄海洋科技大學,公立,[54]高雄市,[811]高雄市楠梓區海專路142號,(07)3617141,http://www.nkmu.edu.tw,[2]技職
104,0035,國立臺南藝術大學,公立,[11]臺南市,[720]臺南市官田區大崎里66號,(06)6930100,http://www.tnnua.edu.tw,[1]一般
104,0036,國立臺南大學,公立,[21]臺南市,[700]臺南市中西區樹林街二段33號,(06)2133111,http://web.nutn.edu.tw/,[1]一般
104,0037,國立臺北教育大學,公立,[33]臺北市,[106]臺北市大安區和平東路二段134號,(02)27321104,http://www.ntue.edu.tw/,[3]師範
104,0038,國立新竹教育大學,公立,[18]新竹市,[300]新竹市東區南大路521號,(03)5213132,http://www.nhcue.edu.tw/,[3]師範
104,0039,國立臺中教育大學,公立,[19]臺中市,[403]臺中市西區民生路140號,(04)22183199,http://www.ntcu.edu.tw,[3]師範
104,0042,國立澎湖科技大學,公立,[16]澎湖縣,[880]澎湖縣馬公市六合路300號,(06)9264115,http://www.npu.edu.tw,[2]技職
104,0043,國立勤益科技大學,公立,[06]臺中市,[411]臺中市太平區坪林里中山路二段57號,(04)23924505,http://www.ncut.edu.tw,[2]技職
104,0044,國立體育大學,公立,[03]桃園市,[333]桃園市龜山區文化一路250號,(03)3283201,http://www.ntsu.edu.tw,[1]一般
104,0046,國立臺北護理健康大學,公立,[42]臺北市,[112]臺北市北投區明德路365號,(02)28227101,http://www.ntunhs.edu.tw/bin/home.php,[2]技職
104,0047,國立高雄餐旅大學,公立,[61]高雄市,[812]高雄市小港區松和路1號,(07)8060505,http://www.nkuht.edu.tw,[2]技職
104,0048,國立金門大學,公立,[71]金門縣,[892]金門縣金寧鄉大學路1號,(082)313300,http://www.nqu.edu.tw/cht/index.php,[1]一般
104,0049,國立臺灣體育運動大學,公立,[19]臺中市,[404]臺中市北區雙十路一段16號,(04)22213108,http://www.ntupes.edu.tw,[1]一般
104,0050,國立臺中科技大學,公立,[19]臺中市,[404]臺中市北區三民路三段129號,(04)22195678,http://www.nutc.edu.tw/bin/home.php,[2]技職
104,0051,國立臺北商業大學,公立,[35]臺北市,[100]臺北市中正區濟南路一段321號,(02)33222777,http://www.ntub.edu.tw/bin/home.php,[2]技職
104,0052,國立屏東大學,公立,[13]屏東縣,[900]屏東縣屏東市民生路4-18號,(08)7663800,http://www.nptu.edu.tw,[1]一般
104,1001,東海大學,私立,[19]臺中市,[407]臺中市西屯區臺灣大道四段1727號,(04)23590121,http://www.thu.edu.tw,[1]一般
104,1002,輔仁大學,私立,[01]新北市,[242]新北市新莊區中正路510號,(02)29052000,http://www.fju.edu.tw,[1]一般
104,1003,東吳大學,私立,[41]臺北市,[111]臺北市士林區臨溪路70號,(02)28819471,http://www.scu.edu.tw,[1]一般
104,1004,中原大學,私立,[03]桃園市,[320]桃園市中壢區中北路200號,(03)2659999,http://www.cycu.edu.tw,[1]一般
104,1005,淡江大學,私立,[01]新北市,[251]新北市淡水區英專路151號,(02)26215656,http://www.tku.edu.tw,[1]一般
104,1006,中國文化大學,私立,[41]臺北市,[111]臺北市士林區華岡路55號,(02)28610511,http://www.pccu.edu.tw,[1]一般
104,1007,逢甲大學,私立,[19]臺中市,[407]臺中市西屯區文華路100號,(04)24517250#2258,http://www.fcu.edu.tw,[1]一般
104,1008,靜宜大學,私立,[06]臺中市,[433]臺中市沙鹿區臺灣大道7段200號,(04)26328001,http://www.pu.edu.tw,[1]一般
104,1009,長庚大學,私立,[03]桃園市,[333]桃園市龜山區文化一路259號,(03)2118800,http://www.cgu.edu.tw,[1]一般
104,1010,元智大學,私立,[03]桃園市,[320]桃園市中壢區遠東路135號,(03)4638800,http://www.yzu.edu.tw,[1]一般
104,1011,中華大學,私立,[18]新竹市,[300]新竹市香山區東香里五福路二段707號,(03)5374281,http://www.chu.edu.tw,[1]一般
104,1012,大葉大學,私立,[07]彰化縣,[515]彰化縣大村鄉學府路168號,(04)8511888,http://www.dyu.edu.tw,[1]一般
104,1013,華梵大學,私立,[01]新北市,[223]新北市石碇區華梵路1號,(02)26632102,http://www.hfu.edu.tw,[1]一般
104,1014,義守大學,私立,[12]高雄市,[840]高雄市大樹區三和里學城路一段1號,(07)6577711,http://www.isu.edu.tw,[1]一般
104,1015,世新大學,私立,[38]臺北市,[116]臺北市文山區木柵路一段17巷1號,(02)22368225,http://www.shu.edu.tw,[1]一般
104,1016,銘傳大學,私立,[41]臺北市,[111]臺北市士林區中山北路五段250號,(02)28824564,http://www.mcu.edu.tw,[1]一般
104,1017,實踐大學,私立,[34]臺北市,[104]臺北市中山區大直街70號,(02)25381111,http://www.usc.edu.tw,[1]一般
104,1018,朝陽科技大學,私立,[06]臺中市,[413]臺中市霧峰區吉峰東路168號,(04)23323000,http://www.cyut.edu.tw,[2]技職
104,1019,高雄醫學大學,私立,[55]高雄市,[807]高雄市三民區十全一路100號,(07)3121101,http://www2.kmu.edu.tw/front/bin/home.phtml,[1]一般
104,1020,南華大學,私立,[10]嘉義縣,[622]嘉義縣大林鎮南華路一段55號,(05)2721001,http://www.nhu.edu.tw,[1]一般
104,1021,真理大學,私立,[01]新北市,[251]新北市淡水區真理街32號,(02)26212121,http://www.au.edu.tw,[1]一般
104,1022,大同大學,私立,[34]臺北市,[104]臺北市中山區中山北路三段40號,(02)21822928,http://www.ttu.edu.tw,[1]一般
104,1023,南臺科技大學,私立,[11]臺南市,[710]臺南市永康區尚頂里南臺街1號,(06)2533131,http://www.stust.edu.tw,[2]技職
104,1024,崑山科技大學,私立,[11]臺南市,[710]臺南市永康區崑大路195號,(06)2727175,http://www.ksu.edu.tw,[2]技職
104,1025,嘉南藥理大學,私立,[11]臺南市,[717]臺南市仁德區二仁路一段60號,(06)2664911,http://www.chna.edu.tw,[2]技職
104,1026,樹德科技大學,私立,[12]高雄市,[824]高雄市燕巢區橫山路59號,(07)6158000,http://www.stu.edu.tw,[2]技職
104,1027,慈濟大學,私立,[15]花蓮縣,[970]花蓮縣花蓮市中央路三段701號,(03)8565301,http://www.tcu.edu.tw,[1]一般
104,1028,臺北醫學大學,私立,[32]臺北市,[110]臺北市信義區吳興街250號,(02)27361661,http://www.tmu.edu.tw,[1]一般
104,1029,中山醫學大學,私立,[19]臺中市,[402]臺中市南區建國北路一段110號,(04)24730022,http://www.csmu.edu.tw,[1]一般
104,1030,龍華科技大學,私立,[03]桃園市,[333]桃園市龜山區萬壽路一段300號,(02)82093211,http://www.lhu.edu.tw/,[2]技職
104,1031,輔英科技大學,私立,[12]高雄市,[831]高雄市大寮區進學路151號,(07)7811151,http://www.fy.edu.tw,[2]技職
104,1032,明新科技大學,私立,[04]新竹縣,[304]新竹縣新豐鄉新興路1號,(03)5593142,http://www.must.edu.tw,[2]技職
104,1033,長榮大學,私立,[11]臺南市,[711]臺南市歸仁區長大路1號,(06)2785123,http://www.cjcu.edu.tw,[1]一般
104,1034,弘光科技大學,私立,[06]臺中市,[433]臺中市沙鹿區臺灣大道六段1018號,(04)26318652,http://www.hk.edu.tw,[2]技職
104,1035,中國醫藥大學,私立,[19]臺中市,[404]臺中市北區學士路91號,(04)22053366,http://www.cmu.edu.tw,[1]一般
104,1036,健行科技大學,私立,[03]桃園市,[320]桃園市中壢區健行路229號,(03)4581196,http://www.uch.edu.tw,[2]技職
104,1037,正修科技大學,私立,[12]高雄市,[833]高雄市鳥松區澄清路840號,(07)7358800,http://www.csu.edu.tw/main.php,[2]技職
104,1038,萬能科技大學,私立,[03]桃園市,[320]桃園市中壢區萬能路1號,(03)4515811,http://www.vnu.edu.tw/,[2]技職
104,1039,玄奘大學,私立,[18]新竹市,[300]新竹市香山區東香里玄奘路48號,(03)5302255,http://www.hcu.edu.tw,[1]一般
104,1040,建國科技大學,私立,[07]彰化縣,[500]彰化縣彰化市介壽北路1號,(04)7111111,http://www.ctu.edu.tw,[2]技職
104,1041,明志科技大學,私立,[01]新北市,[243]新北市泰山區貴子里工專路84號 ,(02)29089899,http://www.mcut.edu.tw/,[2]技職
104,1042,高苑科技大學,私立,[12]高雄市,[821]高雄市路竹區中山路1821號,(07)6077777,http://www.kyu.edu.tw/kyunew3/index3.html,[2]技職
104,1043,大仁科技大學,私立,[13]屏東縣,[907]屏東縣鹽埔鄉新二村維新路20號,(08)7623924,http://www.tajen.edu.tw,[2]技職
104,1044,聖約翰科技大學,私立,[01]新北市,[251]新北市淡水區淡金路四段499號,(02)28013131,http://www.sju.edu.tw/,[2]技職
104,1045,嶺東科技大學,私立,[19]臺中市,[408]臺中市南屯區嶺東路1號,(04)23892088,http://www.ltu.edu.tw,[2]技職
104,1046,中國科技大學,私立,[38]臺北市,[116]臺北市文山區興隆路三段56號,(02)29313416,http://www.cute.edu.tw/,[2]技職
104,1047,中臺科技大學,私立,[19]臺中市,[406]臺中市北屯區廍子路666號,(04)22391647,http://www.ctust.edu.tw,[2]技職
104,1048,亞洲大學,私立,[06]臺中市,[413]臺中市霧峰區柳豐路500號,(04)23323456,http://www.asia.edu.tw,[1]一般
104,1049,開南大學,私立,[03]桃園市,[338]桃園市蘆竹區開南路1號,(03)3412500,http://www.knu.edu.tw,[1]一般
104,1050,佛光大學,私立,[02]宜蘭縣,[262]宜蘭縣礁溪鄉林美村林尾路160號,(03)9871000,http://www.fgu.edu.tw,[1]一般
104,1051,台南應用科技大學,私立,[11]臺南市,[710]臺南市永康區中正路529號,(06)2532106,http://www.tut.edu.tw/,[2]技職
104,1052,遠東科技大學,私立,[11]臺南市,[744]臺南市新市區中華路49號,(06)5979566,http://www.feu.edu.tw,[2]技職
104,1053,元培醫事科技大學,私立,[18]新竹市,[300]新竹市香山區元培街306號,(03)5381183,http://epage.ypu.edu.tw/bin/home.php,[2]技職
104,1054,景文科技大學,私立,[01]新北市,[231]新北市新店區安忠路99號,(02)82122000,http://www.just.edu.tw/,[2]技職
104,1055,中華醫事科技大學,私立,[11]臺南市,[717]臺南市仁德區文華一街89號,(06)2674567,http://www.hwai.edu.tw,[2]技職
104,1056,東南科技大學,私立,[01]新北市,[222]新北市深坑區北深路三段152號,(02)86625900,http://www.tnu.edu.tw/,[2]技職
104,1057,德明財經科技大學,私立,[40]臺北市,[114]臺北市內湖區環山路一段56號,(02)26585801,http://www.takming.edu.tw,[2]技職
104,1058,明道大學,私立,[07]彰化縣,[523]彰化縣埤頭鄉文化路369號,(04)8876660,http://www.mdu.edu.tw,[1]一般
104,1060,南開科技大學,私立,[08]南投縣,[542]南投縣草屯鎮中正路568號,(049)2563489,http://www.nkut.edu.tw,[2]技職
104,1061,中華科技大學,私立,[39]臺北市,[115]臺北市南港區研究院路三段245號,(02)27821862,http://www.cust.edu.tw/www/cust.html,[2]技職
104,1062,僑光科技大學,私立,[19]臺中市,[407]臺中市西屯區僑光路100號,(04)27016855,http://www.ocu.edu.tw,[2]技職
104,1063,育達科技大學,私立,[05]苗栗縣,[361]苗栗縣造橋鄉談文村學府路168號,(037)651188,http://www.ydu.edu.tw,[2]技職
104,1064,美和科技大學,私立,[13]屏東縣,[912]屏東縣內埔鄉美和村屏光路23號,(08)7799821,http://www.meiho.edu.tw,[2]技職
104,1065,吳鳳科技大學,私立,[10]嘉義縣,[621]嘉義縣民雄鄉建國路二段117號,(05)2267125,http://www.wfu.edu.tw/wufeng/,[2]技職
104,1066,環球科技大學,私立,[09]雲林縣,[640]雲林縣斗六市嘉東里鎮南路1221號,(05)5370988,http://www.twu.edu.tw/,[2]技職
104,1067,台灣首府大學,私立,[11]臺南市,[721]臺南市麻豆區南勢168號,(06)5718888,http://www.tsu.edu.tw/,[1]一般
104,1068,中州科技大學,私立,[07]彰化縣,[510]彰化縣員林市山腳路三段2巷6號,(04)8359000,http://www.ccut.edu.tw,[2]技職
104,1069,修平科技大學,私立,[06]臺中市,[412]臺中市大里區工業路11號,(04)24961100,http://www.hust.edu.tw/,[2]技職
104,1070,長庚科技大學,私立,[03]桃園市,[333]桃園市龜山區文化一路261號,(03)2118999,http://new.cgust.edu.tw/front/bin/home.phtml,[2]技職
104,1071,臺北城市科技大學,私立,[42]臺北市,[112]臺北市北投區學園路2號,(02)28927154,http://www.tpcu.edu.tw,[2]技職
104,1072,大華科技大學,私立,[04]新竹縣,[307]新竹縣芎林鄉大華路1號,(03)5927700,http://www.tust.edu.tw,[2]技職
104,1073,醒吾科技大學,私立,[01]新北市,[244]新北市林口區粉寮路一段101號,(02)26015310,http://www.hwu.edu.tw,[2]技職
104,1074,南榮科技大學,私立,[11]臺南市,[737]臺南市鹽水區朝琴路178號,(06)6523111,http://www.nju.edu.tw,[2]技職
104,1075,文藻外語大學,私立,[55]高雄市,[807]高雄市三民區民族一路900號,(07)3426031,http://www.wzu.edu.tw,[2]技職
104,1076,華夏科技大學,私立,[01]新北市,[235]新北市中和區工專路111號,(02)89415100,http://www.hwh.edu.tw,[2]技職
104,1077,慈濟科技大學,私立,[15]花蓮縣,[970]花蓮縣花蓮市建國路二段880號,(03)8572158,http://www.tccn.edu.tw,[2]技職
104,1078,致理科技大學,私立,[01]新北市,[220]新北市板橋區文化路一段313號,(02)2257-6167 or (02)2257-6168,http://www.chihlee.edu.tw,[2]技職
104,1079,康寧大學,私立,[40]臺北市,[114]臺北市內湖區康寧路三段75巷137號,(02)26328744,http://www.ukn.edu.tw/ukn/index.html,[1]一般
104,3002,臺北市立大學,公立,[35]臺北市,[100]臺北市中正區愛國西路1號,(02)23113040,http://www.uTaipei.edu.tw,[1]一般
104,0144,國立臺灣戲曲學院,公立,[40]臺北市,[114]臺北市內湖區內湖路二段177號,(02)27962666,http://www.tcpa.edu.tw/bin/home.php,[2]技職
104,1125,中信金融管理學院,私立,[21]臺南市,[709]臺南市安南區臺江大道三段600號,(06)2873335,http://www.ctbc.edu.tw/,[1]一般
104,1148,大漢技術學院,私立,[15]花蓮縣,[971]花蓮縣新城鄉大漢村樹人街1號,(03)8210888,http://www.dahan.edu.tw,[2]技職
104,1159,和春技術學院,私立,[12]高雄市,[831]高雄市大寮區琉球里至學路288號,(07)7889888,http://www.fotech.edu.tw,[2]技職
104,1166,亞東技術學院,私立,[01]新北市,[220]新北市板橋區四川路二段58號,(02)77388000,http://www.oit.edu.tw,[2]技職
104,1168,桃園創新技術學院,私立,[03]桃園市,[320]桃園市中壢區中山東路三段414號,(03)4361070,http://www.tiit.edu.tw/home.aspx,[2]技職
104,1176,稻江科技暨管理學院,私立,[10]嘉義縣,[613]嘉義縣朴子市學府路二段51號,(05)3622889,http://www.toko.edu.tw,[1]一般
104,1179,德霖技術學院,私立,[01]新北市,[236]新北市土城區青雲路380巷1號,(02)22733567,http://www.dlit.edu.tw,[2]技職
104,1182,蘭陽技術學院,私立,[02]宜蘭縣,[261]宜蘭縣頭城鎮復興路79號,(03)9771997,http://www.fit.edu.tw,[2]技職
104,1183,黎明技術學院,私立,[01]新北市,[243]新北市泰山區泰林路三段22號,(02)29097811,http://www.lit.edu.tw,[2]技職
104,1184,東方設計學院,私立,[12]高雄市,[829]高雄市湖內區東方路110號,(07)6932011,http://www.tf.edu.tw,[2]技職
104,1185,經國管理暨健康學院,私立,[17]基隆市,[203]基隆市中山區復興路336號,(02)24372093,http://www.cku.edu.tw,[2]技職
104,1187,崇右技術學院,私立,[17]基隆市,[201]基隆市信義區義七路40號,(02)24237785,http://www.cit.edu.tw/,[2]技職
104,1188,大同技術學院,私立,[20]嘉義市,[600]嘉義市東區彌陀路253號,(05)2223124,http://www.ttc.edu.tw,[2]技職
104,1189,亞太創意技術學院,私立,[05]苗栗縣,[351]苗栗縣頭份市珊湖里學府路110號 ,(037)605500,http://w2.apic.edu.tw/,[2]技職
104,1192,臺灣觀光學院,私立,[15]花蓮縣,[974]花蓮縣壽豐鄉豐山村中興街268號,(03)8653906,http://www.tht.edu.tw,[2]技職
104,1195,馬偕醫學院,私立,[01]新北市,[252]新北市三芝區中正路三段46號,(02)26360303,http://www.mmc.edu.tw,[1]一般
104,1196,法鼓文理學院,私立,[01]新北市,[208]新北市金山區法鼓路700號,(02) 24980707 ,http://www.dila.edu.tw/,[1]一般
104,1197,台北海洋技術學院,私立,[01]新北市,[251]新北市淡水區濱海路三段150號,(02)28052088 or  (02)28102292,http://www.tcmt.edu.tw,[2]技職
104,0221,國立臺南護理專科學校,公立,[21]臺南市,[700]臺南市中西區民族路二段78號,(06)2110600,http://www.ntin.edu.tw,[2]技職
104,0222,國立臺東專科學校,公立,[14]臺東縣,[950]臺東縣臺東市正氣北路889號,(089)226389#6000　,http://www.ntc.edu.tw,[2]技職
104,1282,馬偕醫護管理專科學校,私立,[42]臺北市,[112]臺北市北投區聖景路92號,(02)28584180,http://www.mkc.edu.tw,[2]技職
104,1283,仁德醫護管理專科學校,私立,[05]苗栗縣,[356]苗栗縣後龍鎮溪洲里砂崙湖79之9號,(037)728855,http://www.jente.edu.tw,[2]技職
104,1284,樹人醫護管理專科學校,私立,[12]高雄市,[821]高雄市路竹區環球路452號,(07)6979333,http://www.szmc.edu.tw,[2]技職
104,1285,慈惠醫護管理專科學校,私立,[13]屏東縣,[926]屏東縣南州鄉三民路367號,(08)8647367,http://www.tzuhui.edu.tw,[2]技職
104,1286,耕莘健康管理專科學校,私立,[01]新北市,[231]新北市新店區民族路112號,(02)22191131,http://www.ctcn.edu.tw,[2]技職
104,1287,敏惠醫護管理專科學校,私立,[11]臺南市,[736]臺南市柳營區中山東路二段1116號,(06)6226111,http://www.mhchcm.edu.tw/,[2]技職
104,1288,高美醫護管理專科學校,私立,[12]高雄市,[843]高雄市美濃區成功路309號,(07)6812148,http://www.kmvs.khc.edu.tw/,[2]技職
104,1289,育英醫護管理專科學校,私立,[55]高雄市,[807]高雄市三民區大昌二路420巷15號,(07)3811765,http://163.15.186.16/releaseRedirect.do?unitID=1,[2]技職
104,1290,崇仁醫護管理專科學校,私立,[20]嘉義市,[600]嘉義市東區盧厝里紅毛埤217號,(05)2773932,http://www.cjc.edu.tw,[2]技職
104,1291,聖母醫護管理專科學校,私立,[02]宜蘭縣,[266]宜蘭縣三星鄉三星路二段265巷100號,(03)9897396,http://www.smc.edu.tw/,[2]技職
104,1292,新生醫護管理專科學校,私立,[03]桃園市,[325]桃園市龍潭區中豐路高平段418號,(03)4117578,http://www.web.hsc.edu.tw/bin/home.php,[2]技職
105,0001,國立政治大學,公立,[38]臺北市,[116]臺北市文山區指南路二段64號,(02)29393091,http://www.nccu.edu.tw,[1]一般
105,0002,國立清華大學,公立,[18]新竹市,[300]新竹市東區光復路二段101號,(03)5715131,http://www.nthu.edu.tw,[1]一般
105,0003,國立臺灣大學,公立,[33]臺北市,[106]臺北市大安區羅斯福路四段1號,(02)33663366,http://www.ntu.edu.tw,[1]一般
105,0004,國立臺灣師範大學,公立,[33]臺北市,[106]臺北市大安區和平東路一段162號,(02)77341111,http://www.ntnu.edu.tw,[3]師範
105,0005,國立成功大學,公立,[21]臺南市,[701]臺南市東區大學路1號,(06)2757575,http://www.ncku.edu.tw,[1]一般
105,0006,國立中興大學,公立,[19]臺中市,[402]臺中市南區興大路145號,(04)22873181,http://www.nchu.edu.tw,[1]一般
105,0007,國立交通大學,公立,[18]新竹市,[300]新竹市東區大學路1001號,(03)5712121,http://www.nctu.edu.tw,[1]一般
105,0008,國立中央大學,公立,[03]桃園市,[320]桃園市中壢區中大路300號,(03)4227151,http://www.ncu.edu.tw,[1]一般
105,0009,國立中山大學,公立,[52]高雄市,[804]高雄市鼓山區蓮海路70號,(07)5252000,http://www.nsysu.edu.tw,[1]一般
105,0012,國立臺灣海洋大學,公立,[17]基隆市,[202]基隆市中正區北寧路2號,(02)24622192,http://www.ntou.edu.tw,[1]一般
105,0013,國立中正大學,公立,[10]嘉義縣,[621]嘉義縣民雄鄉三興村7鄰大學路一段168號,(05)2720411,http://www.ccu.edu.tw,[1]一般
105,0014,國立高雄師範大學,公立,[58]高雄市,[802]高雄市苓雅區和平一路116號,(07)7172930,http://www.nknu.edu.tw,[3]師範
105,0015,國立彰化師範大學,公立,[07]彰化縣,[500]彰化縣彰化市進德路1號,(04)7232105,http://www.ncue.edu.tw,[3]師範
105,0016,國立陽明大學,公立,[42]臺北市,[112]臺北市北投區立農街二段155號,(02)28267000,http://www.ym.edu.tw,[1]一般
105,0017,國立臺北大學,公立,[01]新北市,[237]新北市三峽區大學路151號,(02)86741111,http://www.ntpu.edu.tw/chinese/,[1]一般
105,0018,國立嘉義大學,公立,[20]嘉義市,[600]嘉義市東區鹿寮里學府路300號,(05)2717000,http://www.ncyu.edu.tw,[1]一般
105,0019,國立高雄大學,公立,[54]高雄市,[811]高雄市楠梓區高雄大學路700號,(07)5919000,http://www.nuk.edu.tw,[1]一般
105,0020,國立東華大學,公立,[15]花蓮縣,[974]花蓮縣壽豐鄉志學村大學路二段1號,(03)8635000,http://www.ndhu.edu.tw,[1]一般
105,0021,國立暨南國際大學,公立,[08]南投縣,[545]南投縣埔里鎮大學路1號,(049)2910960#2996,http://www.ncnu.edu.tw,[1]一般
105,0022,國立臺灣科技大學,公立,[33]臺北市,[106]臺北市大安區基隆路四段43號,(02)27333141,http://www.ntust.edu.tw,[2]技職
105,0023,國立雲林科技大學,公立,[09]雲林縣,[640]雲林縣斗六市大學路三段123號,(05)5342601,http://www.yuntech.edu.tw,[2]技職
105,0024,國立屏東科技大學,公立,[13]屏東縣,[912]屏東縣內埔鄉老埤村學府路1號,(08)7703202,http://www.npust.edu.tw,[2]技職
105,0025,國立臺北科技大學,公立,[33]臺北市,[106]臺北市大安區忠孝東路三段1號,(02)27712171,http://www.ntut.edu.tw,[2]技職
105,0026,國立高雄第一科技大學,公立,[12]高雄市,[824]高雄市燕巢區大學路1號 ,(07)6011000,http://www.nkfust.edu.tw,[2]技職
105,0027,國立高雄應用科技大學,公立,[55]高雄市,[807]高雄市三民區建工路415號,(07)3814526,http://www.kuas.edu.tw,[2]技職
105,0028,國立臺北藝術大學,公立,[42]臺北市,[112]臺北市北投區學園路1號,(02)28961000,http://www.tnua.edu.tw,[1]一般
105,0029,國立臺灣藝術大學,公立,[01]新北市,[220]新北市板橋區大觀路一段59號,(02)22722181,http://www.ntua.edu.tw,[1]一般
105,0030,國立臺東大學,公立,[14]臺東縣,[950]臺東縣臺東市大學路二段369號,(089)318855,http://www.nttu.edu.tw,[1]一般
105,0031,國立宜蘭大學,公立,[02]宜蘭縣,[260]宜蘭縣宜蘭市神農路一段1號,(03)9357400,http://www.niu.edu.tw,[1]一般
105,0032,國立聯合大學,公立,[05]苗栗縣,[360]苗栗縣苗栗市恭敬里聯大1號,(037)381000,http://www.nuu.edu.tw,[1]一般
105,0033,國立虎尾科技大學,公立,[09]雲林縣,[632]雲林縣虎尾鎮文化路64號,(05)6315000,http://www.nfu.edu.tw,[2]技職
105,0034,國立高雄海洋科技大學,公立,[54]高雄市,[811]高雄市楠梓區海專路142號,(07)3617141,http://www.nkmu.edu.tw,[2]技職
105,0035,國立臺南藝術大學,公立,[11]臺南市,[720]臺南市官田區大崎里66號,(06)6930100,http://www.tnnua.edu.tw,[1]一般
105,0036,國立臺南大學,公立,[21]臺南市,[700]臺南市中西區樹林街二段33號,(06)2133111,http://web.nutn.edu.tw,[1]一般
105,0037,國立臺北教育大學,公立,[33]臺北市,[106]臺北市大安區和平東路二段134號,(02)27321104,http://www.ntue.edu.tw,[3]師範
105,0038,"國立清華大學南大校區
(原：國立新竹教育大學)",公立,[18]新竹市,[300]新竹市東區南大路521號,(03)5213132,http://www.nhcue.edu.tw,[3]師範
105,0039,國立臺中教育大學,公立,[19]臺中市,[403]臺中市西區民生路140號,(04)22183199,http://www.ntcu.edu.tw,[3]師範
105,0042,國立澎湖科技大學,公立,[16]澎湖縣,[880]澎湖縣馬公市六合路300號,(06)9264115,http://www.npu.edu.tw,[2]技職
105,0043,國立勤益科技大學,公立,[06]臺中市,[411]臺中市太平區坪林里中山路二段57號,(04)23924505,http://www.ncut.edu.tw,[2]技職
105,0044,國立體育大學,公立,[03]桃園市,[333]桃園市龜山區文化一路250號,(03)3283201,http://www.ntsu.edu.tw,[1]一般
105,0046,國立臺北護理健康大學,公立,[42]臺北市,[112]臺北市北投區明德路365號,(02)28227101,http://www.ntunhs.edu.tw,[2]技職
105,0047,國立高雄餐旅大學,公立,[61]高雄市,[812]高雄市小港區松和路1號,(07)8060505,http://www.nkuht.edu.tw,[2]技職
105,0048,國立金門大學,公立,[71]金門縣,[892]金門縣金寧鄉大學路1號,(082)313300,http://www.nqu.edu.tw/cht/index.php,[1]一般
105,0049,國立臺灣體育運動大學,公立,[19]臺中市,[404]臺中市北區雙十路一段16號,(04)22213108,http://www.ntupes.edu.tw,[1]一般
105,0050,國立臺中科技大學,公立,[19]臺中市,[404]臺中市北區三民路三段129號,(04)22195678,http://www.nutc.edu.tw/bin/home.php,[2]技職
105,0051,國立臺北商業大學,公立,[35]臺北市,[100]臺北市中正區濟南路一段321號,(02)33222777,http://www.ntub.edu.tw,[2]技職
105,0052,國立屏東大學,公立,[13]屏東縣,[900]屏東縣屏東市民生路4-18號,(08)7663800,http://www.nptu.edu.tw,[1]一般
105,1001,東海大學,私立,[19]臺中市,[407]臺中市西屯區臺灣大道四段1727號,(04)23590121,http://www.thu.edu.tw,[1]一般
105,1002,輔仁大學,私立,[01]新北市,[242]新北市新莊區中正路510號,(02)29052000,http://www.fju.edu.tw,[1]一般
105,1003,東吳大學,私立,[41]臺北市,[111]臺北市士林區臨溪路70號,(02)28819471,http://www.scu.edu.tw,[1]一般
105,1004,中原大學,私立,[03]桃園市,[320]桃園市中壢區中北路200號,(03)2659999,http://www.cycu.edu.tw,[1]一般
105,1005,淡江大學,私立,[01]新北市,[251]新北市淡水區英專路151號,(02)26215656,http://www.tku.edu.tw,[1]一般
105,1006,中國文化大學,私立,[41]臺北市,[111]臺北市士林區華岡路55號,(02)28610511,http://www.pccu.edu.tw,[1]一般
105,1007,逢甲大學,私立,[19]臺中市,[407]臺中市西屯區文華路100號,(04)24517250#2258,http://www.fcu.edu.tw,[1]一般
105,1008,靜宜大學,私立,[06]臺中市,[433]臺中市沙鹿區臺灣大道7段200號,(04)26328001,http://www.pu.edu.tw,[1]一般
105,1009,長庚大學,私立,[03]桃園市,[333]桃園市龜山區文化一路259號,(03)2118800,http://www.cgu.edu.tw,[1]一般
105,1010,元智大學,私立,[03]桃園市,[320]桃園市中壢區遠東路135號,(03)4638800,http://www.yzu.edu.tw,[1]一般
105,1011,中華大學,私立,[18]新竹市,[300]新竹市香山區東香里五福路二段707號,03-5374281~5,http://www.chu.edu.tw,[1]一般
105,1012,大葉大學,私立,[07]彰化縣,[515]彰化縣大村鄉學府路168號,(04)8511888,http://www.dyu.edu.tw,[1]一般
105,1013,華梵大學,私立,[01]新北市,[223]新北市石碇區華梵路1號,(02)26632102,http://www.hfu.edu.tw,[1]一般
105,1014,義守大學,私立,[12]高雄市,[840]高雄市大樹區三和里學城路一段1號,(07)6577711,http://www.isu.edu.tw,[1]一般
105,1015,世新大學,私立,[38]臺北市,[116]臺北市文山區木柵路一段17巷1號,(02)22368225,http://www.shu.edu.tw,[1]一般
105,1016,銘傳大學,私立,[41]臺北市,[111]臺北市士林區中山北路五段250號,(02)28824564,http://www.mcu.edu.tw,[1]一般
105,1017,實踐大學,私立,[34]臺北市,[104]臺北市中山區大直街70號,(02)25381111,http://www.usc.edu.tw,[1]一般
105,1018,朝陽科技大學,私立,[06]臺中市,[413]臺中市霧峰區吉峰東路168號,(04)23323000,http://www.cyut.edu.tw,[2]技職
105,1019,高雄醫學大學,私立,[55]高雄市,[807]高雄市三民區十全一路100號,(07)3121101~9,http://www2.kmu.edu.tw,[1]一般
105,1020,南華大學,私立,[10]嘉義縣,[622]嘉義縣大林鎮南華路一段55號,(05)2721001,http://www.nhu.edu.tw,[1]一般
105,1021,真理大學,私立,[01]新北市,[251]新北市淡水區真理街32號,(02)26212121,http://www.au.edu.tw,[1]一般
105,1022,大同大學,私立,[34]臺北市,[104]臺北市中山區中山北路三段40號,(02)21822928,http://www.ttu.edu.tw,[1]一般
105,1023,南臺科技大學,私立,[11]臺南市,[710]臺南市永康區尚頂里南臺街1號,(06)2533131,http://www.stust.edu.tw,[2]技職
105,1024,崑山科技大學,私立,[11]臺南市,[710]臺南市永康區崑大路195號,(06)2727175,http://www.ksu.edu.tw,[2]技職
105,1025,嘉南藥理大學,私立,[11]臺南市,[717]臺南市仁德區二仁路一段60號,(06)2664911,http://www.cnu.edu.tw,[2]技職
105,1026,樹德科技大學,私立,[12]高雄市,[824]高雄市燕巢區橫山路59號,(07)6158000,http://www.stu.edu.tw,[2]技職
105,1027,慈濟大學,私立,[15]花蓮縣,[970]花蓮縣花蓮市中央路三段701號,(03)8565301,http://www.tcu.edu.tw,[1]一般
105,1028,臺北醫學大學,私立,[32]臺北市,[110]臺北市信義區吳興街250號,(02)27361661,http://www.tmu.edu.tw,[1]一般
105,1029,中山醫學大學,私立,[19]臺中市,[402]臺中市南區建國北路一段110號,(04)24730022,http://www.csmu.edu.tw,[1]一般
105,1030,龍華科技大學,私立,[03]桃園市,[333]桃園市龜山區萬壽路一段300號,(02)82093211,http://www.lhu.edu.tw/,[2]技職
105,1031,輔英科技大學,私立,[12]高雄市,[831]高雄市大寮區進學路151號,(07)7811151,http://www.fy.edu.tw,[2]技職
105,1032,明新科技大學,私立,[04]新竹縣,[304]新竹縣新豐鄉新興路1號,(03)5593142,http://www.must.edu.tw,[2]技職
105,1033,長榮大學,私立,[11]臺南市,[711]臺南市歸仁區長大路1號,(06)2785123,http://www.cjcu.edu.tw,[1]一般
105,1034,弘光科技大學,私立,[06]臺中市,[433]臺中市沙鹿區臺灣大道六段1018號,(04)26318652,http://www.hk.edu.tw,[2]技職
105,1035,中國醫藥大學,私立,[19]臺中市,[404]臺中市北區學士路91號,(04)22053366,http://www.cmu.edu.tw,[1]一般
105,1036,健行科技大學,私立,[03]桃園市,[320]桃園市中壢區健行路229號,(03)4581196,http://www.uch.edu.tw,[2]技職
105,1037,正修科技大學,私立,[12]高雄市,[833]高雄市鳥松區澄清路840號,(07)7358800,http://www.csu.edu.tw/main.php,[2]技職
105,1038,萬能科技大學,私立,[03]桃園市,[320]桃園市中壢區萬能路1號,(03)4515811,http://www.vnu.edu.tw/,[2]技職
105,1039,玄奘大學,私立,[18]新竹市,[300]新竹市香山區東香里玄奘路48號,(03)5302255,http://www.hcu.edu.tw,[1]一般
105,1040,建國科技大學,私立,[07]彰化縣,[500]彰化縣彰化市介壽北路1號,(04)7111111,http://www.ctu.edu.tw,[2]技職
105,1041,明志科技大學,私立,[01]新北市,[243]新北市泰山區貴子里工專路84號 ,(02)29089899,http://www.mcut.edu.tw/,[2]技職
105,1042,高苑科技大學,私立,[12]高雄市,[821]高雄市路竹區中山路1821號,(07)6077777,http://www.kyu.edu.tw,[2]技職
105,1043,大仁科技大學,私立,[13]屏東縣,[907]屏東縣鹽埔鄉新二村維新路20號,(08)7624002,http://www.tajen.edu.tw,[2]技職
105,1044,聖約翰科技大學,私立,[01]新北市,[251]新北市淡水區淡金路四段499號,(02)28013131,http://www.sju.edu.tw/,[2]技職
105,1045,嶺東科技大學,私立,[19]臺中市,[408]臺中市南屯區嶺東路1號,(04)23892088,http://www.ltu.edu.tw,[2]技職
105,1046,中國科技大學,私立,[38]臺北市,[116]臺北市文山區興隆路三段56號,(02)29313416,http://www.cute.edu.tw/,[2]技職
105,1047,中臺科技大學,私立,[19]臺中市,[406]臺中市北屯區廍子路666號,(04)22391647,http://www.ctust.edu.tw,[2]技職
105,1048,亞洲大學,私立,[06]臺中市,[413]臺中市霧峰區柳豐路500號,(04)23323456,http://www.asia.edu.tw,[1]一般
105,1049,開南大學,私立,[03]桃園市,[338]桃園市蘆竹區開南路1號,(03)3412500,http://www.knu.edu.tw,[1]一般
105,1050,佛光大學,私立,[02]宜蘭縣,[262]宜蘭縣礁溪鄉林美村林尾路160號,(03)9871000,http://www.fgu.edu.tw,[1]一般
105,1051,台南應用科技大學,私立,[11]臺南市,[710]臺南市永康區中正路529號,(06)2532106,http://www.tut.edu.tw/,[2]技職
105,1052,遠東科技大學,私立,[11]臺南市,[744]臺南市新市區中華路49號,(06)5979566,http://www.feu.edu.tw,[2]技職
105,1053,元培醫事科技大學,私立,[18]新竹市,[300]新竹市香山區元培街306號,(03)5381183,http://epage.ypu.edu.tw,[2]技職
105,1054,景文科技大學,私立,[01]新北市,[231]新北市新店區安忠路99號,(02)82122000,http://www.just.edu.tw/,[2]技職
105,1055,中華醫事科技大學,私立,[11]臺南市,[717]臺南市仁德區文華一街89號,(06)2674567,http://www.hwai.edu.tw,[2]技職
105,1056,東南科技大學,私立,[01]新北市,[222]新北市深坑區北深路三段152號,(02)86625900,http://www.tnu.edu.tw/,[2]技職
105,1057,德明財經科技大學,私立,[40]臺北市,[114]臺北市內湖區環山路一段56號,(02)26585801,http://www.takming.edu.tw,[2]技職
105,1058,明道大學,私立,[07]彰化縣,[523]彰化縣埤頭鄉文化路369號,(04)8876660,http://www.mdu.edu.tw,[1]一般
105,1060,南開科技大學,私立,[08]南投縣,[542]南投縣草屯鎮中正路568號,(049)2563489,http://www.nkut.edu.tw,[2]技職
105,1061,中華科技大學,私立,[39]臺北市,[115]臺北市南港區研究院路三段245號,(02)27821862,http://www.cust.edu.tw/www/cust.html,[2]技職
105,1062,僑光科技大學,私立,[19]臺中市,[407]臺中市西屯區僑光路100號,(04)27016855,http://www.ocu.edu.tw,[2]技職
105,1063,育達科技大學,私立,[05]苗栗縣,[361]苗栗縣造橋鄉談文村學府路168號,(037)651188,http://www.ydu.edu.tw,[2]技職
105,1064,美和科技大學,私立,[13]屏東縣,[912]屏東縣內埔鄉美和村屏光路23號,(08)7799821,http://www.meiho.edu.tw,[2]技職
105,1065,吳鳳科技大學,私立,[10]嘉義縣,[621]嘉義縣民雄鄉建國路二段117號,(05)2267125,http://www.wfu.edu.tw/wufeng/,[2]技職
105,1066,環球科技大學,私立,[09]雲林縣,[640]雲林縣斗六市嘉東里鎮南路1221號,(05)5370988,http://www.twu.edu.tw/,[2]技職
105,1067,台灣首府大學,私立,[11]臺南市,[721]臺南市麻豆區南勢168號,(06)5718888,http://www.tsu.edu.tw/,[1]一般
105,1068,中州科技大學,私立,[07]彰化縣,[510]彰化縣員林市山腳路三段2巷6號,(04)8359000,http://www.ccut.edu.tw,[2]技職
105,1069,修平科技大學,私立,[06]臺中市,[412]臺中市大里區工業路11號,(04)24961100,http://www.hust.edu.tw/,[2]技職
105,1070,長庚科技大學,私立,[03]桃園市,[333]桃園市龜山區文化一路261號,(03)2118999,http://www.cgust.edu.tw,[2]技職
105,1071,臺北城市科技大學,私立,[42]臺北市,[112]臺北市北投區學園路2號,(02)28927154,http://www.tpcu.edu.tw,[2]技職
105,1072,大華科技大學,私立,[04]新竹縣,[307]新竹縣芎林鄉大華路1號,(03)5927700,http://www.tust.edu.tw,[2]技職
105,1073,醒吾科技大學,私立,[01]新北市,[244]新北市林口區粉寮路一段101號,(02)26015310,http://www.hwu.edu.tw,[2]技職
105,1074,南榮科技大學,私立,[11]臺南市,[737]臺南市鹽水區朝琴路178號,(06)6523111,http://www.nju.edu.tw,[2]技職
105,1075,文藻外語大學,私立,[55]高雄市,[807]高雄市三民區民族一路900號,(07)3426031,http://www.wzu.edu.tw,[2]技職
105,1076,華夏科技大學,私立,[01]新北市,[235]新北市中和區工專路111號,(02)89415100,http://www.hwh.edu.tw,[2]技職
105,1077,慈濟科技大學,私立,[15]花蓮縣,[970]花蓮縣花蓮市建國路二段880號,(03)8572158,http://www.tcust.edu.tw,[2]技職
105,1078,致理科技大學,私立,[01]新北市,[220]新北市板橋區文化路一段313號,"(02)2257-6167 or
(02)2257-6168",http://www.chihlee.edu.tw,[2]技職
105,1079,康寧大學,私立,[40]臺北市,[114]臺北市內湖區康寧路三段75巷137號,(02)26321181,http://www.ukn.edu.tw/ukn/index.html,[1]一般
105,3002,臺北市立大學,公立,[35]臺北市,[100]臺北市中正區愛國西路1號,(02)23113040,http://www.uTaipei.edu.tw,[1]一般
105,0144,國立臺灣戲曲學院,公立,[40]臺北市,[114]臺北市內湖區內湖路二段177號,(02)27962666,http://www.tcpa.edu.tw/bin/home.php,[2]技職
105,1125,中信金融管理學院,私立,[21]臺南市,[709]臺南市安南區臺江大道三段600號,(06)2873335,http://www.ctbc.edu.tw/,[1]一般
105,1148,大漢技術學院,私立,[15]花蓮縣,[971]花蓮縣新城鄉大漢村樹人街1號,(03)8210888,http://www.dahan.edu.tw,[2]技職
105,1159,和春技術學院,私立,[12]高雄市,[831]高雄市大寮區琉球里至學路288號,(07)7889888,http://www.fotech.edu.tw,[2]技職
105,1166,亞東技術學院,私立,[01]新北市,[220]新北市板橋區四川路二段58號,(02)77388000,http://www.oit.edu.tw,[2]技職
105,1168,南亞技術學院,私立,[03]桃園市,[320]桃園市中壢區中山東路三段414號,(03)4361070,http://www.tiit.edu.tw/home.aspx,[2]技職
105,1176,稻江科技暨管理學院,私立,[10]嘉義縣,[613]嘉義縣朴子市學府路二段51號,(05)3622889,http://www.toko.edu.tw,[1]一般
105,1179,德霖技術學院,私立,[01]新北市,[236]新北市土城區青雲路380巷1號,(02)22733567,http://www.dlit.edu.tw,[2]技職
105,1182,蘭陽技術學院,私立,[02]宜蘭縣,[261]宜蘭縣頭城鎮復興路79號,(03)9771997,http://www.fit.edu.tw,[2]技職
105,1183,黎明技術學院,私立,[01]新北市,[243]新北市泰山區泰林路三段22號,(02)29097811,http://www.lit.edu.tw,[2]技職
105,1184,東方設計學院,私立,[12]高雄市,[829]高雄市湖內區東方路110號,(07)6932011,http://www.tf.edu.tw,[2]技職
105,1185,經國管理暨健康學院,私立,[17]基隆市,[203]基隆市中山區復興路336號,(02)24372093,http://www.cku.edu.tw,[2]技職
105,1187,崇右技術學院,私立,[17]基隆市,[201]基隆市信義區義七路40號,(02)24237785,http://www.cit.edu.tw/,[2]技職
105,1188,大同技術學院,私立,[20]嘉義市,[600]嘉義市東區彌陀路253號,(05)2223124,http://www.ttc.edu.tw,[2]技職
105,1189,亞太創意技術學院,私立,[05]苗栗縣,[351]苗栗縣頭份市珊湖里學府路110號 ,(037)605500,http://w2.apic.edu.tw/,[2]技職
105,1192,臺灣觀光學院,私立,[15]花蓮縣,[974]花蓮縣壽豐鄉豐山村中興街268號,(03)8653906,http://www.tht.edu.tw,[2]技職
105,1195,馬偕醫學院,私立,[01]新北市,[252]新北市三芝區中正路三段46號,(02)26360303,http://www.mmc.edu.tw,[1]一般
105,1196,法鼓文理學院,私立,[01]新北市,[208]新北市金山區法鼓路700號,(02) 24980707 ,http://www.dila.edu.tw/,[1]一般
105,1197,台北海洋技術學院,私立,[01]新北市,[251]新北市淡水區濱海路三段150號,(02)28052088,http://www.tcmt.edu.tw,[2]技職
105,0221,國立臺南護理專科學校,公立,[21]臺南市,[700]臺南市中西區民族路二段78號,(06)2110600,http://www.ntin.edu.tw,[2]技職
105,0222,國立臺東專科學校,公立,[14]臺東縣,[950]臺東縣臺東市正氣北路889號,(089)226389#6000　,http://www.ntc.edu.tw,[2]技職
105,1282,馬偕醫護管理專科學校,私立,[42]臺北市,[112]臺北市北投區聖景路92號,(02)28584180,http://www.mkc.edu.tw,[2]技職
105,1283,仁德醫護管理專科學校,私立,[05]苗栗縣,[356]苗栗縣後龍鎮溪洲里砂崙湖79之9號,(037)728855,http://www.jente.edu.tw,[2]技職
105,1284,樹人醫護管理專科學校,私立,[12]高雄市,[821]高雄市路竹區環球路452號,(07)6979333,http://www.szmc.edu.tw,[2]技職
105,1285,慈惠醫護管理專科學校,私立,[13]屏東縣,[926]屏東縣南州鄉三民路367號,(08)8647367,http://www.tzuhui.edu.tw,[2]技職
105,1286,耕莘健康管理專科學校,私立,[01]新北市,[231]新北市新店區民族路112號,(02)22191131,http://www.ctcn.edu.tw,[2]技職
105,1287,敏惠醫護管理專科學校,私立,[11]臺南市,[736]臺南市柳營區中山東路二段1116號,(06)6226111,http://www.mhchcm.edu.tw/,[2]技職
105,1288,高美醫護管理專科學校,私立,[12]高雄市,[843]高雄市美濃區成功路309號,(07)6812148,http://www.kmvs.khc.edu.tw/,[2]技職
105,1289,育英醫護管理專科學校,私立,[55]高雄市,[807]高雄市三民區大昌二路420巷15號,(07)3811765,http://163.15.186.16/releaseRedirect.do?unitID=1,[2]技職
105,1290,崇仁醫護管理專科學校,私立,[20]嘉義市,[600]嘉義市東區盧厝里紅毛埤217號,(05)2773932,http://www.cjc.edu.tw,[2]技職
105,1291,聖母醫護管理專科學校,私立,[02]宜蘭縣,[266]宜蘭縣三星鄉三星路二段265巷100號,(03)9897396,http://www.smc.edu.tw/,[2]技職
105,1292,新生醫護管理專科學校,私立,[03]桃園市,[325]桃園市龍潭區中豐路高平段418號,(03)4117578,http://www.web.hsc.edu.tw/bin/home.php,[2]技職
106,0001,國立政治大學,公立,[38]臺北市,[116]臺北市文山區指南路二段64號,(02)29393091,http://www.nccu.edu.tw,[1]一般
106,0002,國立清華大學,公立,[18]新竹市,[300]新竹市東區光復路二段101號,(03)5715131,http://www.nthu.edu.tw,[1]一般
106,0003,國立臺灣大學,公立,[33]臺北市,[106]臺北市大安區羅斯福路四段1號,(02)33663366,http://www.ntu.edu.tw,[1]一般
106,0004,國立臺灣師範大學,公立,[33]臺北市,[106]臺北市大安區和平東路一段162號,(02)77341111,http://www.ntnu.edu.tw,[3]師範
106,0005,國立成功大學,公立,[21]臺南市,[701]臺南市東區大學路1號,(06)2757575,http://www.ncku.edu.tw,[1]一般
106,0006,國立中興大學,公立,[19]臺中市,[402]臺中市南區興大路145號,(04)22873181,http://www.nchu.edu.tw,[1]一般
106,0007,國立交通大學,公立,[18]新竹市,[300]新竹市東區大學路1001號,(03)5712121,http://www.nctu.edu.tw,[1]一般
106,0008,國立中央大學,公立,[03]桃園市,[320]桃園市中壢區中大路300號,(03)4227151,http://www.ncu.edu.tw,[1]一般
106,0009,國立中山大學,公立,[52]高雄市,[804]高雄市鼓山區蓮海路70號,(07)5252000,http://www.nsysu.edu.tw,[1]一般
106,0012,國立臺灣海洋大學,公立,[17]基隆市,[202]基隆市中正區北寧路2號,(02)24622192,http://www.ntou.edu.tw,[1]一般
106,0013,國立中正大學,公立,[10]嘉義縣,[621]嘉義縣民雄鄉三興村7鄰大學路一段168號,(05)2720411,http://www.ccu.edu.tw,[1]一般
106,0014,國立高雄師範大學,公立,[58]高雄市,[802]高雄市苓雅區和平一路116號,(07)7172930,http://www.nknu.edu.tw,[3]師範
106,0015,國立彰化師範大學,公立,[07]彰化縣,[500]彰化縣彰化市進德路1號,(04)7232105,http://www.ncue.edu.tw,[3]師範
106,0016,國立陽明大學,公立,[42]臺北市,[112]臺北市北投區立農街二段155號,(02)28267000,http://www.ym.edu.tw,[1]一般
106,0017,國立臺北大學,公立,[01]新北市,[237]新北市三峽區大學路151號,(02)86741111,http://www.ntpu.edu.tw/chinese/,[1]一般
106,0018,國立嘉義大學,公立,[20]嘉義市,[600]嘉義市東區鹿寮里學府路300號,(05)2717000,http://www.ncyu.edu.tw,[1]一般
106,0019,國立高雄大學,公立,[54]高雄市,[811]高雄市楠梓區高雄大學路700號,(07)5919000,http://www.nuk.edu.tw,[1]一般
106,0020,國立東華大學,公立,[15]花蓮縣,[974]花蓮縣壽豐鄉志學村大學路二段1號,(03)8903000,http://www.ndhu.edu.tw,[1]一般
106,0021,國立暨南國際大學,公立,[08]南投縣,[545]南投縣埔里鎮大學路1號,(049)2910960#2996,http://www.ncnu.edu.tw,[1]一般
106,0022,國立臺灣科技大學,公立,[33]臺北市,[106]臺北市大安區基隆路四段43號,(02)27333141,http://www.ntust.edu.tw,[2]技職
106,0023,國立雲林科技大學,公立,[09]雲林縣,[640]雲林縣斗六市大學路三段123號,(05)5342601,http://www.yuntech.edu.tw,[2]技職
106,0024,國立屏東科技大學,公立,[13]屏東縣,[912]屏東縣內埔鄉老埤村學府路1號,(08)7703202,http://www.npust.edu.tw,[2]技職
106,0025,國立臺北科技大學,公立,[33]臺北市,[106]臺北市大安區忠孝東路三段1號,(02)27712171,http://www.ntut.edu.tw,[2]技職
106,0028,國立臺北藝術大學,公立,[42]臺北市,[112]臺北市北投區學園路1號,(02)28961000,http://www.tnua.edu.tw,[1]一般
106,0029,國立臺灣藝術大學,公立,[01]新北市,[220]新北市板橋區大觀路一段59號,(02)22722181,http://www.ntua.edu.tw,[1]一般
106,0030,國立臺東大學,公立,[14]臺東縣,[950]臺東縣臺東市大學路二段369號,(089)318855,http://www.nttu.edu.tw,[1]一般
106,0031,國立宜蘭大學,公立,[02]宜蘭縣,[260]宜蘭縣宜蘭市神農路一段1號,(03)9357400,http://www.niu.edu.tw,[1]一般
106,0032,國立聯合大學,公立,[05]苗栗縣,[360]苗栗縣苗栗市恭敬里聯大1號,(037)381000,http://www.nuu.edu.tw,[1]一般
106,0033,國立虎尾科技大學,公立,[09]雲林縣,[632]雲林縣虎尾鎮文化路64號,(05)6315000,http://www.nfu.edu.tw,[2]技職
106,0035,國立臺南藝術大學,公立,[11]臺南市,[720]臺南市官田區大崎里66號,(06)6930100,http://www.tnnua.edu.tw,[1]一般
106,0036,國立臺南大學,公立,[21]臺南市,[700]臺南市中西區樹林街二段33號,(06)2133111,http://web.nutn.edu.tw,[1]一般
106,0037,國立臺北教育大學,公立,[33]臺北市,[106]臺北市大安區和平東路二段134號,(02)27321104,http://www.ntue.edu.tw,[3]師範
106,0039,國立臺中教育大學,公立,[19]臺中市,[403]臺中市西區民生路140號,(04)22183199,http://www.ntcu.edu.tw,[3]師範
106,0042,國立澎湖科技大學,公立,[16]澎湖縣,[880]澎湖縣馬公市六合路300號,(06)9264115,http://www.npu.edu.tw,[2]技職
106,0043,國立勤益科技大學,公立,[06]臺中市,[411]臺中市太平區坪林里中山路二段57號,(04)23924505,http://www.ncut.edu.tw,[2]技職
106,0044,國立體育大學,公立,[03]桃園市,[333]桃園市龜山區文化一路250號,(03)3283201,http://www.ntsu.edu.tw,[1]一般
106,0046,國立臺北護理健康大學,公立,[42]臺北市,[112]臺北市北投區明德路365號,(02)28227101,http://www.ntunhs.edu.tw,[2]技職
106,0047,國立高雄餐旅大學,公立,[61]高雄市,[812]高雄市小港區松和路1號,(07)8060505,http://www.nkuht.edu.tw,[2]技職
106,0048,國立金門大學,公立,[71]金門縣,[892]金門縣金寧鄉大學路1號,(082)313300,http://www.nqu.edu.tw/cht/index.php,[1]一般
106,0049,國立臺灣體育運動大學,公立,[19]臺中市,[404]臺中市北區雙十路一段16號,(04)22213108,http://www.ntupes.edu.tw,[1]一般
106,0050,國立臺中科技大學,公立,[19]臺中市,[404]臺中市北區三民路三段129號,(04)22195678,http://www.nutc.edu.tw/bin/home.php,[2]技職
106,0051,國立臺北商業大學,公立,[35]臺北市,[100]臺北市中正區濟南路一段321號,(02)33222777,http://www.ntub.edu.tw,[2]技職
106,0052,國立屏東大學,公立,[13]屏東縣,[900]屏東縣屏東市民生路4-18號,(08)7663800,http://www.nptu.edu.tw,[1]一般
106,0053,國立高雄科技大學,公立,[55]高雄市,[807]高雄市三民區建工路415號,(07)3814526,http://www.nkust.edu.t,[2]技職
106,1001,東海大學,私立,[19]臺中市,[407]臺中市西屯區臺灣大道四段1727號,(04)23590121,http://www.thu.edu.tw,[1]一般
106,1002,輔仁大學,私立,[01]新北市,[242]新北市新莊區中正路510號,(02)29052000,http://www.fju.edu.tw,[1]一般
106,1003,東吳大學,私立,[41]臺北市,[111]臺北市士林區臨溪路70號,(02)28819471,http://www.scu.edu.tw,[1]一般
106,1004,中原大學,私立,[03]桃園市,[320]桃園市中壢區中北路200號,(03)2659999,http://www.cycu.edu.tw,[1]一般
106,1005,淡江大學,私立,[01]新北市,[251]新北市淡水區英專路151號,(02)26215656,http://www.tku.edu.tw,[1]一般
106,1006,中國文化大學,私立,[41]臺北市,[111]臺北市士林區華岡路55號,(02)28610511,http://www.pccu.edu.tw,[1]一般
106,1007,逢甲大學,私立,[19]臺中市,[407]臺中市西屯區文華路100號,(04)24517250,http://www.fcu.edu.tw,[1]一般
106,1008,靜宜大學,私立,[06]臺中市,[433]臺中市沙鹿區臺灣大道7段200號,(04)26328001,http://www.pu.edu.tw,[1]一般
106,1009,長庚大學,私立,[03]桃園市,[333]桃園市龜山區文化一路259號,(03)2118800,http://www.cgu.edu.tw,[1]一般
106,1010,元智大學,私立,[03]桃園市,[320]桃園市中壢區遠東路135號,(03)4638800,http://www.yzu.edu.tw,[1]一般
106,1011,中華大學,私立,[18]新竹市,[300]新竹市香山區東香里五福路二段707號,(03)5374281~5,http://www.chu.edu.tw,[1]一般
106,1012,大葉大學,私立,[07]彰化縣,[515]彰化縣大村鄉學府路168號,(04)8511888,http://www.dyu.edu.tw,[1]一般
106,1013,華梵大學,私立,[01]新北市,[223]新北市石碇區華梵路1號,(02)26632102,http://www.hfu.edu.tw,[1]一般
106,1014,義守大學,私立,[12]高雄市,[840]高雄市大樹區三和里學城路一段1號,(07)6577711,http://www.isu.edu.tw,[1]一般
106,1015,世新大學,私立,[38]臺北市,[116]臺北市文山區木柵路一段17巷1號,(02)22368225,http://www.shu.edu.tw,[1]一般
106,1016,銘傳大學,私立,[41]臺北市,[111]臺北市士林區中山北路五段250號,(02)28824564,http://www.mcu.edu.tw,[1]一般
106,1017,實踐大學,私立,[34]臺北市,[104]臺北市中山區大直街70號,(02)25381111,http://www.usc.edu.tw,[1]一般
106,1018,朝陽科技大學,私立,[06]臺中市,[413]臺中市霧峰區吉峰東路168號,(04)23323000,http://www.cyut.edu.tw,[2]技職
106,1019,高雄醫學大學,私立,[55]高雄市,[807]高雄市三民區十全一路100號,(07)3121101,http://www2.kmu.edu.tw,[1]一般
106,1020,南華大學,私立,[10]嘉義縣,[622]嘉義縣大林鎮南華路一段55號,(05)2721001,http://www.nhu.edu.tw,[1]一般
106,1021,真理大學,私立,[01]新北市,[251]新北市淡水區真理街32號,(02)26212121,http://www.au.edu.tw,[1]一般
106,1022,大同大學,私立,[34]臺北市,[104]臺北市中山區中山北路三段40號,(02)21822928,http://www.ttu.edu.tw,[1]一般
106,1023,南臺科技大學,私立,[11]臺南市,[710]臺南市永康區尚頂里南臺街1號,(06)2533131,http://www.stust.edu.tw,[2]技職
106,1024,崑山科技大學,私立,[11]臺南市,[710]臺南市永康區崑大路195號,(06)2727175,http://www.ksu.edu.tw,[2]技職
106,1025,嘉南藥理大學,私立,[11]臺南市,[717]臺南市仁德區二仁路一段60號,(06)2664911,http://www.cnu.edu.tw,[2]技職
106,1026,樹德科技大學,私立,[12]高雄市,[824]高雄市燕巢區橫山路59號,(07)6158000,http://www.stu.edu.tw,[2]技職
106,1027,慈濟大學,私立,[15]花蓮縣,[970]花蓮縣花蓮市中央路三段701號,(03)8565301,http://www.tcu.edu.tw,[1]一般
106,1028,臺北醫學大學,私立,[32]臺北市,[110]臺北市信義區吳興街250號,(02)27361661,http://www.tmu.edu.tw,[1]一般
106,1029,中山醫學大學,私立,[19]臺中市,[402]臺中市南區建國北路一段110號,(04)24730022,http://www.csmu.edu.tw,[1]一般
106,1030,龍華科技大學,私立,[03]桃園市,[333]桃園市龜山區萬壽路一段300號,(02)82093211,http://www.lhu.edu.tw/,[2]技職
106,1031,輔英科技大學,私立,[12]高雄市,[831]高雄市大寮區進學路151號,(07)7811151,http://web.fy.edu.tw/bin/home.php,[2]技職
106,1032,明新科技大學,私立,[04]新竹縣,[304]新竹縣新豐鄉新興路1號,(03)5593142,http://www.must.edu.tw,[2]技職
106,1033,長榮大學,私立,[11]臺南市,[711]臺南市歸仁區長大路1號,(06)2785123,http://www.cjcu.edu.tw,[1]一般
106,1034,弘光科技大學,私立,[06]臺中市,[433]臺中市沙鹿區臺灣大道六段1018號,(04)26318652,http://www.hk.edu.tw,[2]技職
106,1035,中國醫藥大學,私立,[19]臺中市,[404]臺中市北區學士路91號,(04)22053366,http://www.cmu.edu.tw,[1]一般
106,1036,健行科技大學,私立,[03]桃園市,[320]桃園市中壢區健行路229號,(03)4581196,http://www.uch.edu.tw,[2]技職
106,1037,正修科技大學,私立,[12]高雄市,[833]高雄市鳥松區澄清路840號,(07)7358800,http://www.csu.edu.tw/main.php,[2]技職
106,1038,萬能科技大學,私立,[03]桃園市,[320]桃園市中壢區萬能路1號,(03)4515811,http://www.vnu.edu.tw/,[2]技職
106,1039,玄奘大學,私立,[18]新竹市,[300]新竹市香山區東香里玄奘路48號,(03)5302255,http://www.hcu.edu.tw,[1]一般
106,1040,建國科技大學,私立,[07]彰化縣,[500]彰化縣彰化市介壽北路1號,(04)7111111,http://www.ctu.edu.tw,[2]技職
106,1041,明志科技大學,私立,[01]新北市,[243]新北市泰山區貴子里工專路84號 ,(02)29089899,http://www.mcut.edu.tw/,[2]技職
106,1042,高苑科技大學,私立,[12]高雄市,[821]高雄市路竹區中山路1821號,(07)6077777,http://www.kyu.edu.tw,[2]技職
106,1043,大仁科技大學,私立,[13]屏東縣,[907]屏東縣鹽埔鄉新二村維新路20號,(08)7624002,http://www.tajen.edu.tw,[2]技職
106,1044,聖約翰科技大學,私立,[01]新北市,[251]新北市淡水區淡金路四段499號,(02)28013131,http://www.sju.edu.tw/,[2]技職
106,1045,嶺東科技大學,私立,[19]臺中市,[408]臺中市南屯區嶺東路1號,(04)23892088,http://www.ltu.edu.tw,[2]技職
106,1046,中國科技大學,私立,[38]臺北市,[116]臺北市文山區興隆路三段56號,(02)29313416,http://www.cute.edu.tw/,[2]技職
106,1047,中臺科技大學,私立,[19]臺中市,[406]臺中市北屯區廍子路666號,(04)22391647,http://www.ctust.edu.tw,[2]技職
106,1048,亞洲大學,私立,[06]臺中市,[413]臺中市霧峰區柳豐路500號,(04)23323456,http://www.asia.edu.tw,[1]一般
106,1049,開南大學,私立,[03]桃園市,[338]桃園市蘆竹區開南路1號,(03)3412500,http://www.knu.edu.tw,[1]一般
106,1050,佛光大學,私立,[02]宜蘭縣,[262]宜蘭縣礁溪鄉林美村林尾路160號,(03)9871000,http://www.fgu.edu.tw,[1]一般
106,1051,台南應用科技大學,私立,[11]臺南市,[710]臺南市永康區中正路529號,(06)2532106,http://www.tut.edu.tw/,[2]技職
106,1052,遠東科技大學,私立,[11]臺南市,[744]臺南市新市區中華路49號,(06)5979566,http://www.feu.edu.tw,[2]技職
106,1053,元培醫事科技大學,私立,[18]新竹市,[300]新竹市香山區元培街306號,(03)5381183,http://epage.ypu.edu.tw,[2]技職
106,1054,景文科技大學,私立,[01]新北市,[231]新北市新店區安忠路99號,(02)82122000,http://www.just.edu.tw/,[2]技職
106,1055,中華醫事科技大學,私立,[11]臺南市,[717]臺南市仁德區文華一街89號,(06)2674567,http://www.hwai.edu.tw,[2]技職
106,1056,東南科技大學,私立,[01]新北市,[222]新北市深坑區北深路三段152號,(02)86625900,http://www.tnu.edu.tw/,[2]技職
106,1057,德明財經科技大學,私立,[40]臺北市,[114]臺北市內湖區環山路一段56號,(02)26585801,http://www.takming.edu.tw,[2]技職
106,1058,明道大學,私立,[07]彰化縣,[523]彰化縣埤頭鄉文化路369號,(04)8876660,http://www.mdu.edu.tw,[1]一般
106,1060,南開科技大學,私立,[08]南投縣,[542]南投縣草屯鎮中正路568號,(049)2563489,http://www.nkut.edu.tw,[2]技職
106,1061,中華科技大學,私立,[39]臺北市,[115]臺北市南港區研究院路三段245號,(02)27821862,http://www.cust.edu.tw/www/cust.html,[2]技職
106,1062,僑光科技大學,私立,[19]臺中市,[407]臺中市西屯區僑光路100號,(04)27016855,http://www.ocu.edu.tw,[2]技職
106,1063,育達科技大學,私立,[05]苗栗縣,[361]苗栗縣造橋鄉談文村學府路168號,(037)651188,http://www.ydu.edu.tw,[2]技職
106,1064,美和科技大學,私立,[13]屏東縣,[912]屏東縣內埔鄉美和村屏光路23號,(08)7799821,http://www.meiho.edu.tw,[2]技職
106,1065,吳鳳科技大學,私立,[10]嘉義縣,[621]嘉義縣民雄鄉建國路二段117號,(05)2267125,http://www.wfu.edu.tw/wufeng/,[2]技職
106,1066,環球科技大學,私立,[09]雲林縣,[640]雲林縣斗六市嘉東里鎮南路1221號,(05)5370988,http://www.twu.edu.tw/,[2]技職
106,1067,台灣首府大學,私立,[11]臺南市,[721]臺南市麻豆區南勢168號,(06)5718888,http://web.tsu.edu.tw/bin/home.php,[1]一般
106,1068,中州科技大學,私立,[07]彰化縣,[510]彰化縣員林市山腳路三段2巷6號,(04)8359000,http://www.ccut.edu.tw,[2]技職
106,1069,修平科技大學,私立,[06]臺中市,[412]臺中市大里區工業路11號,(04)24961100,http://www.hust.edu.tw/,[2]技職
106,1070,長庚科技大學,私立,[03]桃園市,[333]桃園市龜山區文化一路261號,(03)2118999,http://www.cgust.edu.tw,[2]技職
106,1071,臺北城市科技大學,私立,[42]臺北市,[112]臺北市北投區學園路2號,(02)28927154,http://www.tpcu.edu.tw,[2]技職
106,1072,大華科技大學,私立,[04]新竹縣,[307]新竹縣芎林鄉大華路1號,(03)5927700,http://www.tust.edu.tw,[2]技職
106,1073,醒吾科技大學,私立,[01]新北市,[244]新北市林口區粉寮路一段101號,(02)26015310,http://www.hwu.edu.tw,[2]技職
106,1074,南榮科技大學,私立,[11]臺南市,[737]臺南市鹽水區朝琴路178號,(06)6523111,http://www.nju.edu.tw,[2]技職
106,1075,文藻外語大學,私立,[55]高雄市,[807]高雄市三民區民族一路900號,(07)3426031,http://www.wzu.edu.tw,[2]技職
106,1076,華夏科技大學,私立,[01]新北市,[235]新北市中和區工專路111號,(02)89415100,http://www.hwh.edu.tw,[2]技職
106,1077,慈濟科技大學,私立,[15]花蓮縣,[970]花蓮縣花蓮市建國路二段880號,(03)8572158,http://www.tcust.edu.tw,[2]技職
106,1078,致理科技大學,私立,[01]新北市,[220]新北市板橋區文化路一段313號,(02)22576167,http://www.chihlee.edu.tw,[2]技職
106,1079,康寧大學,私立,[40]臺北市,[114]臺北市內湖區康寧路三段75巷137號,(02)26321181,http://www.ukn.edu.tw/,[1]一般
106,1080,宏國德霖科技大學,私立,[01]新北市,[236]新北市土城區青雲路380巷1號,(02)22733567,http://w3.dlit.edu.tw/index.phtml,[2]技職
106,1081,東方設計大學,私立,[12]高雄市,[829]高雄市湖內區東方路110號,(07)6932011,http://www.tf.edu.tw,[2]技職
106,1082,崇右影藝科技大學,私立,[17]基隆市,[201]基隆市信義區義七路40號,(02)24237785,http://www.cit.edu.tw/,[2]技職
106,1083,台北海洋科技大學,私立,[01]新北市,[251]新北市淡水區濱海路三段150號,(02)28052088,http://www.tcmt.edu.tw,[2]技職
106,3002,臺北市立大學,公立,[35]臺北市,[100]臺北市中正區愛國西路1號,(02)23113040,http://www.uTaipei.edu.tw,[1]一般
106,0144,國立臺灣戲曲學院,公立,[40]臺北市,[114]臺北市內湖區內湖路二段177號,(02)27962666,http://www.tcpa.edu.tw/bin/home.php,[2]技職
106,1125,中信金融管理學院,私立,[21]臺南市,[709]臺南市安南區臺江大道三段600號,(06)2873335,http://www.ctbc.edu.tw/,[1]一般
106,1148,大漢技術學院,私立,[15]花蓮縣,[971]花蓮縣新城鄉大漢村樹人街1號,(03)8210888,http://www.dahan.edu.tw,[2]技職
106,1159,和春技術學院,私立,[12]高雄市,[831]高雄市大寮區琉球里至學路288號,(07)7889888,http://www.fotech.edu.tw,[2]技職
106,1166,亞東技術學院,私立,[01]新北市,[220]新北市板橋區四川路二段58號,(02)77388000,http://www.oit.edu.tw,[2]技職
106,1168,南亞技術學院,私立,[03]桃園市,[320]桃園市中壢區中山東路三段414號,(03)4361070,http://www.tiit.edu.tw/home.aspx,[2]技職
106,1176,稻江科技暨管理學院,私立,[10]嘉義縣,[613]嘉義縣朴子市學府路二段51號,(05)3622889,http://www.toko.edu.tw,[1]一般
106,1182,蘭陽技術學院,私立,[02]宜蘭縣,[261]宜蘭縣頭城鎮復興路79號,(03)9771997,http://www.fit.edu.tw,[2]技職
106,1183,黎明技術學院,私立,[01]新北市,[243]新北市泰山區泰林路三段22號,(02)29097811,http://www.lit.edu.tw,[2]技職
106,1185,經國管理暨健康學院,私立,[17]基隆市,[203]基隆市中山區復興路336號,(02)24372093,http://www.cku.edu.tw,[2]技職
106,1188,大同技術學院,私立,[20]嘉義市,[600]嘉義市東區彌陀路253號,(05)2223124,http://www.ttc.edu.tw,[2]技職
106,1189,亞太創意技術學院,私立,[05]苗栗縣,[351]苗栗縣頭份市珊湖里學府路110號 ,(037)605500,http://w2.apic.edu.tw/,[2]技職
106,1192,臺灣觀光學院,私立,[15]花蓮縣,[974]花蓮縣壽豐鄉豐山村中興街268號,(03)8653906,http://www.tht.edu.tw,[2]技職
106,1195,馬偕醫學院,私立,[01]新北市,[252]新北市三芝區中正路三段46號,(02)26360303,http://www.mmc.edu.tw,[1]一般
106,1196,法鼓文理學院,私立,[01]新北市,[208]新北市金山區法鼓路700號,(02) 24980707 ,http://www.dila.edu.tw/,[1]一般
106,0221,國立臺南護理專科學校,公立,[21]臺南市,[700]臺南市中西區民族路二段78號,(06)2110600,http://www.ntin.edu.tw,[2]技職
106,0222,國立臺東專科學校,公立,[14]臺東縣,[950]臺東縣臺東市正氣北路889號,(089)226389#6000　,http://www.ntc.edu.tw,[2]技職
106,1282,馬偕醫護管理專科學校,私立,[42]臺北市,[112]臺北市北投區聖景路92號,(02)28584180,http://www.mkc.edu.tw,[2]技職
106,1283,仁德醫護管理專科學校,私立,[05]苗栗縣,[356]苗栗縣後龍鎮溪洲里砂崙湖79之9號,(037)728855,http://www.jente.edu.tw,[2]技職
106,1284,樹人醫護管理專科學校,私立,[12]高雄市,[821]高雄市路竹區環球路452號,(07)6979333,http://www.szmc.edu.tw,[2]技職
106,1285,慈惠醫護管理專科學校,私立,[13]屏東縣,[926]屏東縣南州鄉三民路367號,(08)8647367,http://www.tzuhui.edu.tw,[2]技職
106,1286,耕莘健康管理專科學校,私立,[01]新北市,[231]新北市新店區民族路112號,(02)22191131,http://www.ctcn.edu.tw,[2]技職
106,1287,敏惠醫護管理專科學校,私立,[11]臺南市,[736]臺南市柳營區中山東路二段1116號,(06)6226111,http://www.mhchcm.edu.tw/,[2]技職
106,1288,高美醫護管理專科學校,私立,[12]高雄市,[843]高雄市美濃區成功路309號,(07)6812148,http://www.kmvs.khc.edu.tw/,[2]技職
106,1289,育英醫護管理專科學校,私立,[55]高雄市,[807]高雄市三民區大昌二路420巷15號,(07)3811765,http://163.15.186.16/releaseRedirect.do?unitID=1,[2]技職
106,1290,崇仁醫護管理專科學校,私立,[20]嘉義市,[600]嘉義市東區盧厝里紅毛埤217號,(05)2773932,http://www.cjc.edu.tw,[2]技職
106,1291,聖母醫護管理專科學校,私立,[02]宜蘭縣,[266]宜蘭縣三星鄉三星路二段265巷100號,(03)9897396,http://www.smc.edu.tw/,[2]技職
106,1292,新生醫護管理專科學校,私立,[03]桃園市,[325]桃園市龍潭區中豐路高平段418號,(03)4117578,http://www.web.hsc.edu.tw/bin/home.php,[2]技職
107,0001,國立政治大學,公立,[38]臺北市,[116]臺北市文山區指南路二段64號,(02)29393091,http://www.nccu.edu.tw,[1]一般
107,0002,國立清華大學,公立,[18]新竹市,[300]新竹市東區光復路二段101號,(03)5715131,http://www.nthu.edu.tw,[1]一般
107,0003,國立臺灣大學,公立,[33]臺北市,[106]臺北市大安區羅斯福路四段1號,(02)33663366,http://www.ntu.edu.tw,[1]一般
107,0004,國立臺灣師範大學,公立,[33]臺北市,[106]臺北市大安區和平東路一段162號,(02)77341111,http://www.ntnu.edu.tw,[3]師範
107,0005,國立成功大學,公立,[21]臺南市,[701]臺南市東區大學路1號,(06)2757575,http://www.ncku.edu.tw,[1]一般
107,0006,國立中興大學,公立,[19]臺中市,[402]臺中市南區興大路145號,(04)22873181,http://www.nchu.edu.tw,[1]一般
107,0007,國立交通大學,公立,[18]新竹市,[300]新竹市東區大學路1001號,(03)5712121,http://www.nctu.edu.tw,[1]一般
107,0008,國立中央大學,公立,[03]桃園市,[320]桃園市中壢區中大路300號,(03)4227151,http://www.ncu.edu.tw,[1]一般
107,0009,國立中山大學,公立,[52]高雄市,[804]高雄市鼓山區蓮海路70號,(07)5252000,http://www.nsysu.edu.tw,[1]一般
107,0012,國立臺灣海洋大學,公立,[17]基隆市,[202]基隆市中正區北寧路2號,(02)24622192,http://www.ntou.edu.tw,[1]一般
107,0013,國立中正大學,公立,[10]嘉義縣,[621]嘉義縣民雄鄉三興村7鄰大學路一段168號,(05)2720411,http://www.ccu.edu.tw,[1]一般
107,0014,國立高雄師範大學,公立,[58]高雄市,[802]高雄市苓雅區和平一路116號,(07)7172930,http://www.nknu.edu.tw,[3]師範
107,0015,國立彰化師範大學,公立,[07]彰化縣,[500]彰化縣彰化市進德路1號,(04)7232105,http://www.ncue.edu.tw,[3]師範
107,0016,國立陽明大學,公立,[42]臺北市,[112]臺北市北投區立農街二段155號,(02)28267000,http://www.ym.edu.tw,[1]一般
107,0017,國立臺北大學,公立,[01]新北市,[237]新北市三峽區大學路151號,(02)86741111,http://www.ntpu.edu.tw/chinese/,[1]一般
107,0018,國立嘉義大學,公立,[20]嘉義市,[600]嘉義市東區鹿寮里學府路300號,(05)2717000,http://www.ncyu.edu.tw,[1]一般
107,0019,國立高雄大學,公立,[54]高雄市,[811]高雄市楠梓區高雄大學路700號,(07)5919000,http://www.nuk.edu.tw,[1]一般
107,0020,國立東華大學,公立,[15]花蓮縣,[974]花蓮縣壽豐鄉志學村大學路二段1號,(03)-8903000,http://www.ndhu.edu.tw,[1]一般
107,0021,國立暨南國際大學,公立,[08]南投縣,[545]南投縣埔里鎮大學路1號,(049)2910960#2996,http://www.ncnu.edu.tw,[1]一般
107,0022,國立臺灣科技大學,公立,[33]臺北市,[106]臺北市大安區基隆路四段43號,(02)27333141,http://www.ntust.edu.tw,[2]技職
107,0023,國立雲林科技大學,公立,[09]雲林縣,[640]雲林縣斗六市大學路三段123號,(05)5342601,http://www.yuntech.edu.tw,[2]技職
107,0024,國立屏東科技大學,公立,[13]屏東縣,[912]屏東縣內埔鄉老埤村學府路1號,(08)7703202,http://www.npust.edu.tw,[2]技職
107,0025,國立臺北科技大學,公立,[33]臺北市,[106]臺北市大安區忠孝東路三段1號,(02)27712171,http://www.ntut.edu.tw,[2]技職
107,0028,國立臺北藝術大學,公立,[42]臺北市,[112]臺北市北投區學園路1號,(02)28961000,http://www.tnua.edu.tw,[1]一般
107,0029,國立臺灣藝術大學,公立,[01]新北市,[220]新北市板橋區大觀路一段59號,(02)22722181,http://www.ntua.edu.tw,[1]一般
107,0030,國立臺東大學,公立,[14]臺東縣,[950]臺東縣臺東市大學路二段369號,(089)318855,http://www.nttu.edu.tw,[1]一般
107,0031,國立宜蘭大學,公立,[02]宜蘭縣,[260]宜蘭縣宜蘭市神農路一段1號,(03)9357400,http://www.niu.edu.tw,[1]一般
107,0032,國立聯合大學,公立,[05]苗栗縣,[360]苗栗縣苗栗市恭敬里聯大1號,(037)381000,http://www.nuu.edu.tw,[1]一般
107,0033,國立虎尾科技大學,公立,[09]雲林縣,[632]雲林縣虎尾鎮文化路64號,(05)6315000,http://www.nfu.edu.tw,[2]技職
107,0035,國立臺南藝術大學,公立,[11]臺南市,[720]臺南市官田區大崎里大崎66號,(06)6930100,http://www.tnnua.edu.tw,[1]一般
107,0036,國立臺南大學,公立,[21]臺南市,[700]臺南市中西區樹林街二段33號,(06)2133111,http://web.nutn.edu.tw,[1]一般
107,0037,國立臺北教育大學,公立,[33]臺北市,[106]臺北市大安區和平東路二段134號,(02)27321104,http://www.ntue.edu.tw,[3]師範
107,0039,國立臺中教育大學,公立,[19]臺中市,[403]臺中市西區民生路140號,(04)22183199,http://www.ntcu.edu.tw,[3]師範
107,0042,國立澎湖科技大學,公立,[16]澎湖縣,[880]澎湖縣馬公市六合路300號,(06)9264115,http://www.npu.edu.tw,[2]技職
107,0043,國立勤益科技大學,公立,[06]臺中市,[411]臺中市太平區坪林里中山路二段57號,(04)23924505,http://www.ncut.edu.tw,[2]技職
107,0044,國立體育大學,公立,[03]桃園市,[333]桃園市龜山區文化一路250號,(03)3283201,http://www.ntsu.edu.tw,[1]一般
107,0046,國立臺北護理健康大學,公立,[42]臺北市,[112]臺北市北投區明德路365號,(02)28227101,http://www.ntunhs.edu.tw,[2]技職
107,0047,國立高雄餐旅大學,公立,[61]高雄市,[812]高雄市小港區松和路1號,(07)8060505,http://www.nkuht.edu.tw,[2]技職
107,0048,國立金門大學,公立,[71]金門縣,[892]金門縣金寧鄉大學路1號,(082)313300,http://www.nqu.edu.tw/cht/index.php,[1]一般
107,0049,國立臺灣體育運動大學,公立,[19]臺中市,[404]臺中市北區雙十路一段16號,(04)22213108,http://www.ntupes.edu.tw,[1]一般
107,0050,國立臺中科技大學,公立,[19]臺中市,[404]臺中市北區三民路三段129號,(04)22195678,http://www.nutc.edu.tw/bin/home.php,[2]技職
107,0051,國立臺北商業大學,公立,[35]臺北市,[100]臺北市中正區濟南路一段321號,(02)33222777,http://www.ntub.edu.tw,[2]技職
107,0052,國立屏東大學,公立,[13]屏東縣,[900]屏東縣屏東市民生路4-18號,(08)7663800,http://www.nptu.edu.tw,[1]一般
107,0053,國立高雄科技大學,公立,[55]高雄市,[807]高雄市三民區建工路415號,(07)3814526,http://www.kuas.edu.tw,[2]技職
107,1001,東海大學,私立,[19]臺中市,[407]臺中市西屯區臺灣大道四段1727號,(04)23590121,http://www.thu.edu.tw,[1]一般
107,1002,輔仁大學,私立,[01]新北市,[242]新北市新莊區中正路510號,(02)29052000,http://www.fju.edu.tw,[1]一般
107,1003,東吳大學,私立,[41]臺北市,[111]臺北市士林區臨溪路70號,(02)28819471,http://www.scu.edu.tw,[1]一般
107,1004,中原大學,私立,[03]桃園市,[320]桃園市中壢區中北路200號,(03)2659999,http://www.cycu.edu.tw,[1]一般
107,1005,淡江大學,私立,[01]新北市,[251]新北市淡水區英專路151號,(02)26215656,http://www.tku.edu.tw,[1]一般
107,1006,中國文化大學,私立,[41]臺北市,[111]臺北市士林區華岡路55號,(02)28610511,http://www.pccu.edu.tw,[1]一般
107,1007,逢甲大學,私立,[19]臺中市,[407]臺中市西屯區文華路100號,(04)24517250,http://www.fcu.edu.tw,[1]一般
107,1008,靜宜大學,私立,[06]臺中市,[433]臺中市沙鹿區臺灣大道七段200號,(04)26328001,http://www.pu.edu.tw,[1]一般
107,1009,長庚大學,私立,[03]桃園市,[333]桃園市龜山區文化一路259號,(03)2118800,http://www.cgu.edu.tw,[1]一般
107,1010,元智大學,私立,[03]桃園市,[320]桃園市中壢區遠東路135號,(03)4638800,http://www.yzu.edu.tw,[1]一般
107,1011,中華大學,私立,[18]新竹市,[300]新竹市香山區東香里五福路二段707號,(03)5374281~5,http://www.chu.edu.tw,[1]一般
107,1012,大葉大學,私立,[07]彰化縣,[515]彰化縣大村鄉學府路168號,(04)8511888,http://www.dyu.edu.tw,[1]一般
107,1013,華梵大學,私立,[01]新北市,[223]新北市石碇區華梵路1號,(02)26632102,http://www.hfu.edu.tw,[1]一般
107,1014,義守大學,私立,[12]高雄市,[840]高雄市大樹區三和里學城路一段1號,(07)6577711,http://www.isu.edu.tw,[1]一般
107,1015,世新大學,私立,[38]臺北市,[116]臺北市文山區木柵路一段17巷1號,(02)22368225,http://www.shu.edu.tw,[1]一般
107,1016,銘傳大學,私立,[41]臺北市,[111]臺北市士林區中山北路五段250號,(02)28824564,http://www.mcu.edu.tw,[1]一般
107,1017,實踐大學,私立,[34]臺北市,[104]臺北市中山區大直街70號,(02)25381111,http://www.usc.edu.tw,[1]一般
107,1018,朝陽科技大學,私立,[06]臺中市,[413]臺中市霧峰區吉峰東路168號,(04)23323000,http://www.cyut.edu.tw,[2]技職
107,1019,高雄醫學大學,私立,[55]高雄市,[807]高雄市三民區十全一路100號,(07)3121101,http://www2.kmu.edu.tw,[1]一般
107,1020,南華大學,私立,[10]嘉義縣,[622]嘉義縣大林鎮南華路一段55號,(05)3102100,http://www.nhu.edu.tw,[1]一般
107,1021,真理大學,私立,[01]新北市,[251]新北市淡水區真理街32號,(02)26212121,http://www.au.edu.tw,[1]一般
107,1022,大同大學,私立,[34]臺北市,[104]臺北市中山區中山北路三段40號,(02)21822928,http://www.ttu.edu.tw,[1]一般
107,1023,南臺科技大學,私立,[11]臺南市,[710]臺南市永康區尚頂里南臺街1號,(06)2533131,http://www.stust.edu.tw,[2]技職
107,1024,崑山科技大學,私立,[11]臺南市,[710]臺南市永康區崑大路195號,(06)2727175,http://www.ksu.edu.tw,[2]技職
107,1025,嘉南藥理大學,私立,[11]臺南市,[717]臺南市仁德區二仁路一段60號,(06)2664911,http://www.cnu.edu.tw,[2]技職
107,1026,樹德科技大學,私立,[12]高雄市,[824]高雄市燕巢區橫山路59號,(07)6158000,http://www.stu.edu.tw,[2]技職
107,1027,慈濟大學,私立,[15]花蓮縣,[970]花蓮縣花蓮市中央路三段701號,(03)8565301,http://www.tcu.edu.tw,[1]一般
107,1028,臺北醫學大學,私立,[32]臺北市,[110]臺北市信義區吳興街250號,(02)27361661,http://www.tmu.edu.tw,[1]一般
107,1029,中山醫學大學,私立,[19]臺中市,[402]臺中市南區建國北路一段110號,(04)24730022,http://www.csmu.edu.tw,[1]一般
107,1030,龍華科技大學,私立,[03]桃園市,[333]桃園市龜山區萬壽路一段300號,(02)82093211,http://www.lhu.edu.tw/,[2]技職
107,1031,輔英科技大學,私立,[12]高雄市,[831]高雄市大寮區進學路151號,(07)7811151,http://web.fy.edu.tw/bin/home.php,[2]技職
107,1032,明新科技大學,私立,[04]新竹縣,[304]新竹縣新豐鄉新興路1號,(03)5593142,http://www.must.edu.tw,[2]技職
107,1033,長榮大學,私立,[11]臺南市,[711]臺南市歸仁區長大路1號,(06)2785123,http://www.cjcu.edu.tw,[1]一般
107,1034,弘光科技大學,私立,[06]臺中市,[433]臺中市沙鹿區臺灣大道六段1018號,(04)26318652,http://www.hk.edu.tw,[2]技職
107,1035,中國醫藥大學,私立,[19]臺中市,[404]臺中市北區學士路91號,(04)22053366,http://www.cmu.edu.tw,[1]一般
107,1036,健行科技大學,私立,[03]桃園市,[320]桃園市中壢區健行路229號,(03)4581196,http://www.uch.edu.tw,[2]技職
107,1037,正修科技大學,私立,[12]高雄市,[833]高雄市鳥松區澄清路840號,(07)7358800,http://www.csu.edu.tw/main.php,[2]技職
107,1038,萬能科技大學,私立,[03]桃園市,[320]桃園市中壢區萬能路1號,(03)4515811,http://www.vnu.edu.tw/,[2]技職
107,1039,玄奘大學,私立,[18]新竹市,[300]新竹市香山區東香里玄奘路48號,(03)5302255,http://www.hcu.edu.tw,[1]一般
107,1040,建國科技大學,私立,[07]彰化縣,[500]彰化縣彰化市介壽北路1號,(04)7111111,http://www.ctu.edu.tw,[2]技職
107,1041,明志科技大學,私立,[01]新北市,[243]新北市泰山區貴子里工專路84號 ,(02)29089899,http://www.mcut.edu.tw/,[2]技職
107,1042,高苑科技大學,私立,[12]高雄市,[821]高雄市路竹區中山路1821號,(07)6077777,http://www.kyu.edu.tw,[2]技職
107,1043,大仁科技大學,私立,[13]屏東縣,[907]屏東縣鹽埔鄉新二村維新路20號,(08)7624002~5,http://www.tajen.edu.tw,[2]技職
107,1044,聖約翰科技大學,私立,[01]新北市,[251]新北市淡水區淡金路四段499號,(02)28013131#7011,http://www.sju.edu.tw/,[2]技職
107,1045,嶺東科技大學,私立,[19]臺中市,[408]臺中市南屯區嶺東路1號,(04)23892088,http://www.ltu.edu.tw,[2]技職
107,1046,中國科技大學,私立,[38]臺北市,[116]臺北市文山區興隆路三段56號,(02)29313416,http://www.cute.edu.tw/,[2]技職
107,1047,中臺科技大學,私立,[19]臺中市,[406]臺中市北屯區廍子路666號,(04)22391647,http://www.ctust.edu.tw,[2]技職
107,1048,亞洲大學,私立,[06]臺中市,[413]臺中市霧峰區柳豐路500號,(04)23323456,http://www.asia.edu.tw,[1]一般
107,1049,開南大學,私立,[03]桃園市,[338]桃園市蘆竹區開南路1號,(03)3412500,http://www.knu.edu.tw,[1]一般
107,1050,佛光大學,私立,[02]宜蘭縣,[262]宜蘭縣礁溪鄉林美村林尾路160號,(03)9871000,http://www.fgu.edu.tw,[1]一般
107,1051,台南應用科技大學,私立,[11]臺南市,[710]臺南市永康區中正路529號,(06)2532106,http://www.tut.edu.tw/,[2]技職
107,1052,遠東科技大學,私立,[11]臺南市,[744]臺南市新市區中華路49號,(06)5979566,http://www.feu.edu.tw,[2]技職
107,1053,元培醫事科技大學,私立,[18]新竹市,[300]新竹市香山區元培街306號,(03)5381183,http://epage.ypu.edu.tw,[2]技職
107,1054,景文科技大學,私立,[01]新北市,[231]新北市新店區安忠路99號,(02)82122000,http://www.just.edu.tw/,[2]技職
107,1055,中華醫事科技大學,私立,[11]臺南市,[717]臺南市仁德區文華一街89號,(06)2674567,http://www.hwai.edu.tw,[2]技職
107,1056,東南科技大學,私立,[01]新北市,[222]新北市深坑區北深路三段152號,(02)86625900,http://www.tnu.edu.tw/,[2]技職
107,1057,德明財經科技大學,私立,[40]臺北市,[114]臺北市內湖區環山路一段56號,(02)26585801,http://www.takming.edu.tw,[2]技職
107,1058,明道大學,私立,[07]彰化縣,[523]彰化縣埤頭鄉文化路369號,(04)8876660,http://www.mdu.edu.tw,[1]一般
107,1060,南開科技大學,私立,[08]南投縣,[542]南投縣草屯鎮中正路568號,(049)2563489,http://www.nkut.edu.tw,[2]技職
107,1061,中華科技大學,私立,[39]臺北市,[115]臺北市南港區研究院路三段245號,(02)27821862~4,http://www.cust.edu.tw/www/cust.html,[2]技職
107,1062,僑光科技大學,私立,[19]臺中市,[407]臺中市西屯區僑光路100號,(04)27016855,http://www.ocu.edu.tw,[2]技職
107,1063,育達科技大學,私立,[05]苗栗縣,[361]苗栗縣造橋鄉談文村學府路168號,(037)651188,http://www.ydu.edu.tw,[2]技職
107,1064,美和科技大學,私立,[13]屏東縣,[912]屏東縣內埔鄉美和村屏光路23號,(08)7799821,http://www.meiho.edu.tw,[2]技職
107,1065,吳鳳科技大學,私立,[10]嘉義縣,[621]嘉義縣民雄鄉建國路二段117號,(05)2267125,http://www.wfu.edu.tw/wufeng/,[2]技職
107,1066,環球科技大學,私立,[09]雲林縣,[640]雲林縣斗六市嘉東里鎮南路1221號,(05)5370988,http://www.twu.edu.tw/,[2]技職
107,1067,台灣首府大學,私立,[11]臺南市,[721]臺南市麻豆區南勢168號,(06)5718888,http://web.tsu.edu.tw/bin/home.php,[1]一般
107,1068,中州科技大學,私立,[07]彰化縣,[510]彰化縣員林市山腳路三段2巷6號,(04)8359000,http://www.ccut.edu.tw,[2]技職
107,1069,修平科技大學,私立,[06]臺中市,[412]臺中市大里區工業路11號,(04)24961100,http://www.hust.edu.tw/,[2]技職
107,1070,長庚科技大學,私立,[03]桃園市,[333]桃園市龜山區文化一路261號,(03)2118999,http://www.cgust.edu.tw,[2]技職
107,1071,臺北城市科技大學,私立,[42]臺北市,[112]臺北市北投區學園路2號,(02)28927154,http://www.tpcu.edu.tw,[2]技職
107,1072,大華科技大學,私立,[04]新竹縣,[307]新竹縣芎林鄉大華路1號,(03)5927700,http://www.tust.edu.tw,[2]技職
107,1073,醒吾科技大學,私立,[01]新北市,[244]新北市林口區粉寮路一段101號,(02)26015310,http://www.hwu.edu.tw,[2]技職
107,1074,南榮科技大學,私立,[11]臺南市,[737]臺南市鹽水區朝琴路178號,(06)6523111,http://www.nju.edu.tw,[2]技職
107,1075,文藻外語大學,私立,[55]高雄市,[807]高雄市三民區民族一路900號,(07)3426031,http://www.wzu.edu.tw,[2]技職
107,1076,華夏科技大學,私立,[01]新北市,[235]新北市中和區工專路111號,(02)89415100,http://www.hwh.edu.tw,[2]技職
107,1077,慈濟科技大學,私立,[15]花蓮縣,[970]花蓮縣花蓮市建國路二段880號,(03)8572158,http://www.tcust.edu.tw,[2]技職
107,1078,致理科技大學,私立,[01]新北市,[220]新北市板橋區文化路一段313號,(02)22576167,http://www.chihlee.edu.tw,[2]技職
107,1079,康寧大學,私立,[40]臺北市,[114]臺北市內湖區康寧路三段75巷137號,(02)26321181,http://www.ukn.edu.tw/,[1]一般
107,1080,宏國德霖科技大學,私立,[01]新北市,[236]新北市土城區青雲路380巷1號,(02)22733567,http://w3.dlit.edu.tw/index.phtml,[2]技職
107,1081,東方設計大學,私立,[12]高雄市,[829]高雄市湖內區東方路110號,(07)6932011,http://www.tf.edu.tw,[2]技職
107,1082,崇右影藝科技大學,私立,[17]基隆市,[201]基隆市信義區義七路40號,(02)24237785,http://www.cufa.edu.tw/home.html,[2]技職
107,1083,台北海洋科技大學,私立,[01]新北市,[251]新北市淡水區濱海路三段150號,(02)28059999,http://http://www.tumt.edu.tw/bin/home.php,[2]技職
107,3002,臺北市立大學,公立,[35]臺北市,[100]臺北市中正區愛國西路1號,(02)23113040,http://www.uTaipei.edu.tw,[1]一般
107,0144,國立臺灣戲曲學院,公立,[40]臺北市,[114]臺北市內湖區內湖路二段177號,(02)27962666,http://www.tcpa.edu.tw/bin/home.php,[2]技職
107,1125,中信金融管理學院,私立,[21]臺南市,[709]臺南市安南區台江大道三段600號,(06)2873335,http://www.ctbc.edu.tw/,[1]一般
107,1148,大漢技術學院,私立,[15]花蓮縣,[971]花蓮縣新城鄉大漢村樹人街1號,(03)8210888,http://www.dahan.edu.tw,[2]技職
107,1159,和春技術學院,私立,[12]高雄市,[831]高雄市大寮區琉球里至學路288號,(07)7889888,http://www.fotech.edu.tw,[2]技職
107,1166,亞東技術學院,私立,[01]新北市,[220]新北市板橋區四川路二段58號,(02)77388000,http://www.oit.edu.tw,[2]技職
107,1168,南亞技術學院,私立,[03]桃園市,[320]桃園市中壢區中山東路三段414號,(03)4361070,http://www.nanya.edu.tw/home.aspx,[2]技職
107,1176,稻江科技暨管理學院,私立,[10]嘉義縣,[613]嘉義縣朴子市學府路二段51號,(05)3622889,http://www.toko.edu.tw,[1]一般
107,1182,蘭陽技術學院,私立,[02]宜蘭縣,[261]宜蘭縣頭城鎮復興路79號,(03)9771997,http://www.fit.edu.tw,[2]技職
107,1183,黎明技術學院,私立,[01]新北市,[243]新北市泰山區泰林路三段22號,(02)29097811,http://www.lit.edu.tw,[2]技職
107,1185,經國管理暨健康學院,私立,[17]基隆市,[203]基隆市中山區復興路336號,(02)24372093,http://www.cku.edu.tw,[2]技職
107,1188,大同技術學院,私立,[20]嘉義市,[600]嘉義市東區彌陀路253號,(05)2223124,http://www.ttc.edu.tw,[2]技職
107,1192,臺灣觀光學院,私立,[15]花蓮縣,[974]花蓮縣壽豐鄉豐山村中興街268號,(03)8653906,http://www.tht.edu.tw,[2]技職
107,1195,馬偕醫學院,私立,[01]新北市,[252]新北市三芝區中正路三段46號,(02)26360303,http://www.mmc.edu.tw,[1]一般
107,1196,法鼓文理學院,私立,[01]新北市,[208]新北市金山區西湖里法鼓路700號,(02) 24980707 ,http://www.dila.edu.tw/,[1]一般
107,0221,國立臺南護理專科學校,公立,[21]臺南市,[700]臺南市中西區民族路二段78號,(06)2110600,http://www.ntin.edu.tw,[2]技職
107,0222,國立臺東專科學校,公立,[14]臺東縣,[950]臺東縣臺東市正氣北路889號,(089)226389#6000　,http://www.ntc.edu.tw,[2]技職
107,1282,馬偕醫護管理專科學校,私立,[42]臺北市,[112]臺北市北投區聖景路92號,(02)28584180,http://www.mkc.edu.tw,[2]技職
107,1283,仁德醫護管理專科學校,私立,[05]苗栗縣,[356]苗栗縣後龍鎮溪洲里7鄰砂崙湖79之9號,(037)728855,http://www.jente.edu.tw,[2]技職
107,1284,樹人醫護管理專科學校,私立,[12]高雄市,[821]高雄市路竹區環球路452號,(07)6979333,http://www.szmc.edu.tw,[2]技職
107,1285,慈惠醫護管理專科學校,私立,[13]屏東縣,[926]屏東縣南州鄉三民路367號,(08)8647367,http://www.tzuhui.edu.tw,[2]技職
107,1286,耕莘健康管理專科學校,私立,[01]新北市,[231]新北市新店區民族路112號,(02)22191131,http://www.ctcn.edu.tw,[2]技職
107,1287,敏惠醫護管理專科學校,私立,[11]臺南市,[736]臺南市柳營區中山東路二段1116號,(06)6226111,http://www.mhchcm.edu.tw/,[2]技職
107,1289,育英醫護管理專科學校,私立,[55]高雄市,[807]高雄市三民區大昌二路420巷15號,(07)3811765,http://www.yuhing.edu.tw/releaseRedirect.do?unitID=1&pageID=95,[2]技職
107,1293,崇仁醫護管理專科學校,私立,[10]嘉義縣,[622]嘉義縣大林鎮湖北里大湖1之10號,(05)2773932,http://www.cjc.edu.tw,[2]技職
107,1291,聖母醫護管理專科學校,私立,[02]宜蘭縣,[266]宜蘭縣三星鄉三星路二段265巷100號,(03)9897396,http://www.smc.edu.tw/,[2]技職
107,1292,新生醫護管理專科學校,私立,[03]桃園市,[325]桃園市龍潭區中豐路高平段418號,(03)4117578,http://www.web.hsc.edu.tw/bin/home.php,[2]技職
108,0001,國立政治大學,公立,[38]臺北市,[116]臺北市文山區指南路二段64號,(02)29393091,http://www.nccu.edu.tw,[1]一般
108,0002,國立清華大學,公立,[18]新竹市,[300]新竹市東區光復路二段101號,(03)5715131,http://www.nthu.edu.tw,[1]一般
108,0003,國立臺灣大學,公立,[33]臺北市,[106]臺北市大安區羅斯福路四段1號,(02)33663366,http://www.ntu.edu.tw,[1]一般
108,0004,國立臺灣師範大學,公立,[33]臺北市,[106]臺北市大安區和平東路一段162號,(02)77341111,http://www.ntnu.edu.tw,[3]師範
108,0005,國立成功大學,公立,[21]臺南市,[701]臺南市東區大學路1號,(06)2757575,http://www.ncku.edu.tw,[1]一般
108,0006,國立中興大學,公立,[19]臺中市,[402]臺中市南區興大路145號,(04)22873181,http://www.nchu.edu.tw,[1]一般
108,0007,國立交通大學,公立,[18]新竹市,[300]新竹市東區大學路1001號,(03)5712121,http://www.nctu.edu.tw,[1]一般
108,0008,國立中央大學,公立,[03]桃園市,[320]桃園市中壢區中大路300號,(03)4227151,http://www.ncu.edu.tw,[1]一般
108,0009,國立中山大學,公立,[52]高雄市,[804]高雄市鼓山區蓮海路70號,(07)5252000,http://www.nsysu.edu.tw,[1]一般
108,0012,國立臺灣海洋大學,公立,[17]基隆市,[202]基隆市中正區北寧路2號,(02)24622192,http://www.ntou.edu.tw,[1]一般
108,0013,國立中正大學,公立,[10]嘉義縣,[621]嘉義縣民雄鄉三興村7鄰大學路一段168號,(05)2720411,http://www.ccu.edu.tw,[1]一般
108,0014,國立高雄師範大學,公立,[58]高雄市,[802]高雄市苓雅區和平一路116號,(07)7172930,http://www.nknu.edu.tw,[3]師範
108,0015,國立彰化師範大學,公立,[07]彰化縣,[500]彰化縣彰化市進德路1號,(04)7232105,http://www.ncue.edu.tw,[3]師範
108,0016,國立陽明大學,公立,[42]臺北市,[112]臺北市北投區立農街二段155號,(02)28267000,http://www.ym.edu.tw,[1]一般
108,0017,國立臺北大學,公立,[01]新北市,[237]新北市三峽區大學路151號,(02)86741111,http://www.ntpu.edu.tw/chinese/,[1]一般
108,0018,國立嘉義大學,公立,[20]嘉義市,[600]嘉義市東區鹿寮里學府路300號,(05)2717000,http://www.ncyu.edu.tw,[1]一般
108,0019,國立高雄大學,公立,[54]高雄市,[811]高雄市楠梓區高雄大學路700號,(07)5919000,http://www.nuk.edu.tw,[1]一般
108,0020,國立東華大學,公立,[15]花蓮縣,[974]花蓮縣壽豐鄉志學村大學路二段1號,(03)8903000,http://www.ndhu.edu.tw,[1]一般
108,0021,國立暨南國際大學,公立,[08]南投縣,[545]南投縣埔里鎮大學路1號,(049)2910960#2996,http://www.ncnu.edu.tw,[1]一般
108,0022,國立臺灣科技大學,公立,[33]臺北市,[106]臺北市大安區基隆路四段43號,(02)27333141,http://www.ntust.edu.tw,[2]技職
108,0023,國立雲林科技大學,公立,[09]雲林縣,[640]雲林縣斗六市大學路三段123號,(05)5342601,http://www.yuntech.edu.tw,[2]技職
108,0024,國立屏東科技大學,公立,[13]屏東縣,[912]屏東縣內埔鄉老埤村學府路1號,(08)7703202,http://www.npust.edu.tw,[2]技職
108,0025,國立臺北科技大學,公立,[33]臺北市,[106]臺北市大安區忠孝東路三段1號,(02)27712171,http://www.ntut.edu.tw,[2]技職
108,0028,國立臺北藝術大學,公立,[42]臺北市,[112]臺北市北投區學園路1號,(02)28961000,http://www.tnua.edu.tw,[1]一般
108,0029,國立臺灣藝術大學,公立,[01]新北市,[220]新北市板橋區大觀路一段59號,(02)22722181,http://www.ntua.edu.tw,[1]一般
108,0030,國立臺東大學,公立,[14]臺東縣,[950]臺東縣臺東市大學路二段369號,(089)318855,http://www.nttu.edu.tw,[1]一般
108,0031,國立宜蘭大學,公立,[02]宜蘭縣,[260]宜蘭縣宜蘭市神農路一段1號,(03)9357400,http://www.niu.edu.tw,[1]一般
108,0032,國立聯合大學,公立,[05]苗栗縣,[360]苗栗縣苗栗市恭敬里聯大1號,(037)381000,http://www.nuu.edu.tw,[1]一般
108,0033,國立虎尾科技大學,公立,[09]雲林縣,[632]雲林縣虎尾鎮文化路64號,(05)6315000,http://www.nfu.edu.tw,[2]技職
108,0035,國立臺南藝術大學,公立,[11]臺南市,[720]臺南市官田區大崎里大崎66號,(06)6930100,http://www.tnnua.edu.tw,[1]一般
108,0036,國立臺南大學,公立,[21]臺南市,[700]臺南市中西區樹林街二段33號,(06)2133111,http://web.nutn.edu.tw,[1]一般
108,0037,國立臺北教育大學,公立,[33]臺北市,[106]臺北市大安區和平東路二段134號,(02)27321104,http://www.ntue.edu.tw,[3]師範
108,0039,國立臺中教育大學,公立,[19]臺中市,[403]臺中市西區民生路140號,(04)22183199,http://www.ntcu.edu.tw,[3]師範
108,0042,國立澎湖科技大學,公立,[16]澎湖縣,[880]澎湖縣馬公市六合路300號,(06)9264115,http://www.npu.edu.tw,[2]技職
108,0043,國立勤益科技大學,公立,[06]臺中市,[411]臺中市太平區坪林里中山路二段57號,(04)23924505,http://www.ncut.edu.tw,[2]技職
108,0044,國立體育大學,公立,[03]桃園市,[333]桃園市龜山區文化一路250號,(03)3283201,http://www.ntsu.edu.tw,[1]一般
108,0046,國立臺北護理健康大學,公立,[42]臺北市,[112]臺北市北投區明德路365號,(02)28227101,http://www.ntunhs.edu.tw,[2]技職
108,0047,國立高雄餐旅大學,公立,[61]高雄市,[812]高雄市小港區松和路1號,(07)8060505,http://www.nkuht.edu.tw,[2]技職
108,0048,國立金門大學,公立,[71]金門縣,[892]金門縣金寧鄉大學路1號,(082)313300,http://www.nqu.edu.tw/cht/index.php,[1]一般
108,0049,國立臺灣體育運動大學,公立,[19]臺中市,[404]臺中市北區雙十路一段16號,(04)22213108,http://www.ntupes.edu.tw,[1]一般
108,0050,國立臺中科技大學,公立,[19]臺中市,[404]臺中市北區三民路三段129號,(04)22195678,http://www.nutc.edu.tw/bin/home.php,[2]技職
108,0051,國立臺北商業大學,公立,[35]臺北市,[100]臺北市中正區濟南路一段321號,(02)33222777,http://www.ntub.edu.tw,[2]技職
108,0052,國立屏東大學,公立,[13]屏東縣,[900]屏東縣屏東市民生路4-18號,(08)7663800,http://www.nptu.edu.tw,[1]一般
108,0053,國立高雄科技大學,公立,[55]高雄市,[807]高雄市三民區建工路415號,(07)3814526,http://www.nkust.edu.tw,[2]技職
108,1001,東海大學,私立,[19]臺中市,[407]臺中市西屯區臺灣大道四段1727號,(04)23590121,http://www.thu.edu.tw,[1]一般
108,1002,輔仁大學,私立,[01]新北市,[242]新北市新莊區中正路510號,(02)29052000,http://www.fju.edu.tw,[1]一般
108,1003,東吳大學,私立,[41]臺北市,[111]臺北市士林區臨溪路70號,(02)28819471,http://www.scu.edu.tw,[1]一般
108,1004,中原大學,私立,[03]桃園市,[320]桃園市中壢區中北路200號,(03)2659999,http://www.cycu.edu.tw,[1]一般
108,1005,淡江大學,私立,[01]新北市,[251]新北市淡水區英專路151號,(02)26215656,http://www.tku.edu.tw,[1]一般
108,1006,中國文化大學,私立,[41]臺北市,[111]臺北市士林區華岡路55號,(02)28610511,http://www.pccu.edu.tw,[1]一般
108,1007,逢甲大學,私立,[19]臺中市,[407]臺中市西屯區文華路100號,(04)24517250,http://www.fcu.edu.tw,[1]一般
108,1008,靜宜大學,私立,[06]臺中市,[433]臺中市沙鹿區臺灣大道七段200號,(04)26328001,http://www.pu.edu.tw,[1]一般
108,1009,長庚大學,私立,[03]桃園市,[333]桃園市龜山區文化一路259號,(03)2118800,http://www.cgu.edu.tw,[1]一般
108,1010,元智大學,私立,[03]桃園市,[320]桃園市中壢區遠東路135號,(03)4638800,http://www.yzu.edu.tw,[1]一般
108,1011,中華大學,私立,[18]新竹市,[300]新竹市香山區東香里五福路二段707號,(03)5374281~5,http://www.chu.edu.tw,[1]一般
108,1012,大葉大學,私立,[07]彰化縣,[515]彰化縣大村鄉學府路168號,(04)8511888,http://www.dyu.edu.tw,[1]一般
108,1013,華梵大學,私立,[01]新北市,[223]新北市石碇區華梵路1號,(02)26632102,http://www.hfu.edu.tw,[1]一般
108,1014,義守大學,私立,[12]高雄市,[840]高雄市大樹區三和里學城路一段1號,(07)6577711,http://www.isu.edu.tw,[1]一般
108,1015,世新大學,私立,[38]臺北市,[116]臺北市文山區木柵路一段17巷1號,(02)22368225,http://www.shu.edu.tw,[1]一般
108,1016,銘傳大學,私立,[41]臺北市,[111]臺北市士林區中山北路五段250號,(02)28824564,http://www.mcu.edu.tw,[1]一般
108,1017,實踐大學,私立,[34]臺北市,[104]臺北市中山區大直街70號,(02)25381111,http://www.usc.edu.tw,[1]一般
108,1018,朝陽科技大學,私立,[06]臺中市,[413]臺中市霧峰區吉峰東路168號,(04)23323000,http://www.cyut.edu.tw,[2]技職
108,1019,高雄醫學大學,私立,[55]高雄市,[807]高雄市三民區十全一路100號,(07)3121101,http://www2.kmu.edu.tw,[1]一般
108,1020,南華大學,私立,[10]嘉義縣,[622]嘉義縣大林鎮南華路一段55號,(05)3102100,http://www.nhu.edu.tw,[1]一般
108,1021,真理大學,私立,[01]新北市,[251]新北市淡水區真理街32號,(02)26212121,http://www.au.edu.tw,[1]一般
108,1022,大同大學,私立,[34]臺北市,[104]臺北市中山區中山北路三段40號,(02)21822928,http://www.ttu.edu.tw,[1]一般
108,1023,南臺科技大學,私立,[11]臺南市,[710]臺南市永康區尚頂里南臺街1號,(06)2533131,http://www.stust.edu.tw,[2]技職
108,1024,崑山科技大學,私立,[11]臺南市,[710]臺南市永康區崑大路195號,(06)2727175,http://www.ksu.edu.tw,[2]技職
108,1025,嘉南藥理大學,私立,[11]臺南市,[717]臺南市仁德區二仁路一段60號,(06)2664911,http://www.cnu.edu.tw,[2]技職
108,1026,樹德科技大學,私立,[12]高雄市,[824]高雄市燕巢區橫山路59號,(07)6158000,http://www.stu.edu.tw,[2]技職
108,1027,慈濟大學,私立,[15]花蓮縣,[970]花蓮縣花蓮市中央路三段701號,(03)8565301,http://www.tcu.edu.tw,[1]一般
108,1028,臺北醫學大學,私立,[32]臺北市,[110]臺北市信義區吳興街250號,(02)27361661,http://www.tmu.edu.tw,[1]一般
108,1029,中山醫學大學,私立,[19]臺中市,[402]臺中市南區建國北路一段110號,(04)24730022,http://www.csmu.edu.tw,[1]一般
108,1030,龍華科技大學,私立,[03]桃園市,[333]桃園市龜山區萬壽路一段300號,(02)82093211,http://www.lhu.edu.tw/,[2]技職
108,1031,輔英科技大學,私立,[12]高雄市,[831]高雄市大寮區進學路151號,(07)7811151,http://web.fy.edu.tw/bin/home.php,[2]技職
108,1032,明新科技大學,私立,[04]新竹縣,[304]新竹縣新豐鄉新興路1號,(03)5593142,http://www.must.edu.tw,[2]技職
108,1033,長榮大學,私立,[11]臺南市,[711]臺南市歸仁區長大路1號,(06)2785123,http://www.cjcu.edu.tw,[1]一般
108,1034,弘光科技大學,私立,[06]臺中市,[433]臺中市沙鹿區臺灣大道六段1018號,(04)26318652,http://www.hk.edu.tw,[2]技職
108,1035,中國醫藥大學,私立,[19]臺中市,[404]臺中市北區學士路91號,(04)22053366,http://www.cmu.edu.tw,[1]一般
108,1036,健行科技大學,私立,[03]桃園市,[320]桃園市中壢區健行路229號,(03)4581196,http://www.uch.edu.tw,[2]技職
108,1037,正修科技大學,私立,[12]高雄市,[833]高雄市鳥松區澄清路840號,(07)7358800,http://www.csu.edu.tw/main.php,[2]技職
108,1038,萬能科技大學,私立,[03]桃園市,[320]桃園市中壢區萬能路1號,(03)4515811,http://www.vnu.edu.tw/,[2]技職
108,1039,玄奘大學,私立,[18]新竹市,[300]新竹市香山區東香里玄奘路48號,(03)5302255,http://www.hcu.edu.tw,[1]一般
108,1040,建國科技大學,私立,[07]彰化縣,[500]彰化縣彰化市介壽北路1號,(04)7111111,http://www.ctu.edu.tw,[2]技職
108,1041,明志科技大學,私立,[01]新北市,[243]新北市泰山區貴子里工專路84號 ,(02)29089899,http://www.mcut.edu.tw/,[2]技職
108,1042,高苑科技大學,私立,[12]高雄市,[821]高雄市路竹區中山路1821號,(07)6077777,http://www.kyu.edu.tw,[2]技職
108,1043,大仁科技大學,私立,[13]屏東縣,[907]屏東縣鹽埔鄉新二村維新路20號,(08)7624002~5,http://www.tajen.edu.tw,[2]技職
108,1044,聖約翰科技大學,私立,[01]新北市,[251]新北市淡水區淡金路四段499號,(02)28013131#7011,http://www.sju.edu.tw/,[2]技職
108,1045,嶺東科技大學,私立,[19]臺中市,[408]臺中市南屯區嶺東路1號,(04)23892088,http://www.ltu.edu.tw,[2]技職
108,1046,中國科技大學,私立,[38]臺北市,[116]臺北市文山區興隆路三段56號,(02)29313416,http://www.cute.edu.tw/,[2]技職
108,1047,中臺科技大學,私立,[19]臺中市,[406]臺中市北屯區廍子路666號,(04)22391647,http://www.ctust.edu.tw,[2]技職
108,1048,亞洲大學,私立,[06]臺中市,[413]臺中市霧峰區柳豐路500號,(04)23323456,http://www.asia.edu.tw,[1]一般
108,1049,開南大學,私立,[03]桃園市,[338]桃園市蘆竹區開南路1號,(03)3412500,http://www.knu.edu.tw,[1]一般
108,1050,佛光大學,私立,[02]宜蘭縣,[262]宜蘭縣礁溪鄉林美村林尾路160號,(03)9871000,http://www.fgu.edu.tw,[1]一般
108,1051,台南應用科技大學,私立,[11]臺南市,[710]臺南市永康區中正路529號,(06)2532106,http://www.tut.edu.tw/,[2]技職
108,1052,遠東科技大學,私立,[11]臺南市,[744]臺南市新市區中華路49號,(06)5979566,http://www.feu.edu.tw,[2]技職
108,1053,元培醫事科技大學,私立,[18]新竹市,[300]新竹市香山區元培街306號,(03)5381183,http://www.ypu.edu.tw/,[2]技職
108,1054,景文科技大學,私立,[01]新北市,[231]新北市新店區安忠路99號,(02)82122000,http://www.just.edu.tw/,[2]技職
108,1055,中華醫事科技大學,私立,[11]臺南市,[717]臺南市仁德區文華一街89號,(06)2674567,http://www.hwai.edu.tw,[2]技職
108,1056,東南科技大學,私立,[01]新北市,[222]新北市深坑區北深路三段152號,(02)86625900,http://www.tnu.edu.tw/,[2]技職
108,1057,德明財經科技大學,私立,[40]臺北市,[114]臺北市內湖區環山路一段56號,(02)26585801,http://www.takming.edu.tw,[2]技職
108,1058,明道大學,私立,[07]彰化縣,[523]彰化縣埤頭鄉文化路369號,(04)8876660,http://www.mdu.edu.tw,[1]一般
108,1060,南開科技大學,私立,[08]南投縣,[542]南投縣草屯鎮中正路568號,(049)2563489,http://www.nkut.edu.tw,[2]技職
108,1061,中華科技大學,私立,[39]臺北市,[115]臺北市南港區研究院路三段245號,(02)27821862~4,http://www.cust.edu.tw/www/cust.html,[2]技職
108,1062,僑光科技大學,私立,[19]臺中市,[407]臺中市西屯區僑光路100號,(04)27016855,http://www.ocu.edu.tw,[2]技職
108,1063,育達科技大學,私立,[05]苗栗縣,[361]苗栗縣造橋鄉談文村學府路168號,(037)651188,http://www.ydu.edu.tw,[2]技職
108,1064,美和科技大學,私立,[13]屏東縣,[912]屏東縣內埔鄉美和村屏光路23號,(08)7799821,http://www.meiho.edu.tw,[2]技職
108,1065,吳鳳科技大學,私立,[10]嘉義縣,[621]嘉義縣民雄鄉建國路二段117號,(05)2267125,http://www.wfu.edu.tw/,[2]技職
108,1066,環球科技大學,私立,[09]雲林縣,[640]雲林縣斗六市嘉東里鎮南路1221號,(05)5370988,http://www.twu.edu.tw/,[2]技職
108,1067,台灣首府大學,私立,[11]臺南市,[721]臺南市麻豆區南勢里168號,(06)5718888,http://web.tsu.edu.tw/bin/home.php,[1]一般
108,1068,中州科技大學,私立,[07]彰化縣,[510]彰化縣員林市山腳路三段2巷6號,(04)8359000,http://www.ccut.edu.tw,[2]技職
108,1069,修平科技大學,私立,[06]臺中市,[412]臺中市大里區工業路11號,(04)24961100,http://www.hust.edu.tw/,[2]技職
108,1070,長庚科技大學,私立,[03]桃園市,[333]桃園市龜山區文化一路261號,(03)2118999,http://www.cgust.edu.tw,[2]技職
108,1071,臺北城市科技大學,私立,[42]臺北市,[112]臺北市北投區學園路2號,(02)28927154,http://www.tpcu.edu.tw,[2]技職
108,1072,大華科技大學,私立,[04]新竹縣,[307]新竹縣芎林鄉大華路1號,(03)5927700,http://www.tust.edu.tw,[2]技職
108,1073,醒吾科技大學,私立,[01]新北市,[244]新北市林口區粉寮路一段101號,(02)26015310,http://www.hwu.edu.tw,[2]技職
108,1075,文藻外語大學,私立,[55]高雄市,[807]高雄市三民區民族一路900號,(07)3426031,http://www.wzu.edu.tw,[2]技職
108,1076,華夏科技大學,私立,[01]新北市,[235]新北市中和區工專路111號,(02)89415100,http://www.hwh.edu.tw,[2]技職
108,1077,慈濟科技大學,私立,[15]花蓮縣,[970]花蓮縣花蓮市建國路二段880號,(03)8572158,http://www.tcust.edu.tw,[2]技職
108,1078,致理科技大學,私立,[01]新北市,[220]新北市板橋區文化路一段313號,(02)22576167,http://www.chihlee.edu.tw,[2]技職
108,1079,康寧大學,私立,[40]臺北市,[114]臺北市內湖區康寧路三段75巷137號,(02)26321181,http://www.ukn.edu.tw/,[1]一般
108,1080,宏國德霖科技大學,私立,[01]新北市,[236]新北市土城區青雲路380巷1號,(02)22733567,http://www.hdut.edu.tw/,[2]技職
108,1081,東方設計大學,私立,[12]高雄市,[829]高雄市湖內區東方路110號,(07)6932011,http://www.tf.edu.tw,[2]技職
108,1082,崇右影藝科技大學,私立,[17]基隆市,[201]基隆市信義區義七路40號,(02)24237785,http://www.cufa.edu.tw/,[2]技職
108,1083,台北海洋科技大學,私立,[01]新北市,[251]新北市淡水區濱海路三段150號,(02)28059999,http://www.tumt.edu.tw/bin/home.php,[2]技職
108,3002,臺北市立大學,公立,[35]臺北市,[100]臺北市中正區愛國西路1號,(02)23113040,http://www.uTaipei.edu.tw,[1]一般
108,0144,國立臺灣戲曲學院,公立,[40]臺北市,[114]臺北市內湖區內湖路二段177號,(02)27962666,http://www.tcpa.edu.tw/bin/home.php,[2]技職
108,1125,中信金融管理學院,私立,[21]臺南市,[709]臺南市安南區台江大道三段600號,(06)2873335,http://www.ctbc.edu.tw/,[1]一般
108,1148,大漢技術學院,私立,[15]花蓮縣,[971]花蓮縣新城鄉大漢村樹人街1號,(03)8210888,http://www.dahan.edu.tw,[2]技職
108,1159,和春技術學院,私立,[12]高雄市,[831]高雄市大寮區琉球里至學路288號,(07)2621941,http://www.fotech.edu.tw,[2]技職
108,1166,亞東技術學院,私立,[01]新北市,[220]新北市板橋區四川路二段58號,(02)77388000,http://www.oit.edu.tw,[2]技職
108,1168,南亞技術學院,私立,[03]桃園市,[320]桃園市中壢區中山東路三段414號,(03)4361070,http://www.nanya.edu.tw/home.aspx,[2]技職
108,1176,稻江科技暨管理學院,私立,[10]嘉義縣,[613]嘉義縣朴子市學府路二段51號,(05)3622889,http://www.toko.edu.tw,[1]一般
108,1182,蘭陽技術學院,私立,[02]宜蘭縣,[261]宜蘭縣頭城鎮復興路79號,(03)9771997,http://www.fit.edu.tw,[2]技職
108,1183,黎明技術學院,私立,[01]新北市,[243]新北市泰山區泰林路三段22號,(02)29097811,http://www.lit.edu.tw,[2]技職
108,1185,經國管理暨健康學院,私立,[17]基隆市,[203]基隆市中山區復興路336號,(02)24372093,http://www.cku.edu.tw,[2]技職
108,1188,大同技術學院,私立,[20]嘉義市,[600]嘉義市東區彌陀路253號,(05)2223124,http://www.ttc.edu.tw,[2]技職
108,1192,臺灣觀光學院,私立,[15]花蓮縣,[974]花蓮縣壽豐鄉豐山村中興街268號,(03)8653906,http://www.tht.edu.tw,[2]技職
108,1195,馬偕醫學院,私立,[01]新北市,[252]新北市三芝區中正路三段46號,(02)26360303,http://www.mmc.edu.tw,[1]一般
108,1196,法鼓文理學院,私立,[01]新北市,[208]新北市金山區西湖里法鼓路700號,(02) 24980707 ,http://www.dila.edu.tw/,[1]一般
108,0221,國立臺南護理專科學校,公立,[21]臺南市,[700]臺南市中西區民族路二段78號,(06)2110600,http://www.ntin.edu.tw,[2]技職
108,0222,國立臺東專科學校,公立,[14]臺東縣,[950]臺東縣臺東市正氣北路889號,(089)226389#6000　,http://www.ntc.edu.tw,[2]技職
108,1282,馬偕醫護管理專科學校,私立,[42]臺北市,[112]臺北市北投區聖景路92號,(02)28584180,http://www.mkc.edu.tw,[2]技職
108,1283,仁德醫護管理專科學校,私立,[05]苗栗縣,[356]苗栗縣後龍鎮溪洲里7鄰砂崙湖79之9號,(037)728855,http://www.jente.edu.tw,[2]技職
108,1284,樹人醫護管理專科學校,私立,[12]高雄市,[821]高雄市路竹區環球路452號,(07)6979333,http://www.szmc.edu.tw,[2]技職
108,1285,慈惠醫護管理專科學校,私立,[13]屏東縣,[926]屏東縣南州鄉三民路367號,(08)8647367,http://www.tzuhui.edu.tw,[2]技職
108,1286,耕莘健康管理專科學校,私立,[01]新北市,[231]新北市新店區民族路112號,(02)22191131,http://www.ctcn.edu.tw,[2]技職
108,1287,敏惠醫護管理專科學校,私立,[11]臺南市,[736]臺南市柳營區中山東路二段1116號,(06)6226111,http://www.mhchcm.edu.tw/,[2]技職
108,1289,育英醫護管理專科學校,私立,[55]高雄市,[807]高雄市三民區大昌二路420巷15號,(07)3811765,http://www.yuhing.edu.tw/releaseRedirect.do?unitID=1&pageID=95,[2]技職
108,1291,聖母醫護管理專科學校,私立,[02]宜蘭縣,[266]宜蘭縣三星鄉三星路二段265巷100號,(03)9897396,http://www.smc.edu.tw/,[2]技職
108,1292,新生醫護管理專科學校,私立,[03]桃園市,[325]桃園市龍潭區中豐路高平段418號,(03)4117578,http://www.web.hsc.edu.tw/bin/home.php,[2]技職
108,1293,崇仁醫護管理專科學校,私立,[10]嘉義縣,[622]嘉義縣大林鎮湖北里大湖1之10號,(05)2658880,http://www.cjc.edu.tw,[2]技職
109,0001,國立政治大學,公立,[38]臺北市,[116]臺北市文山區指南路二段64號,(02)29393091,http://www.nccu.edu.tw,[1]一般
109,0002,國立清華大學,公立,[18]新竹市,[300]新竹市東區光復路二段101號,(03)5715131,http://www.nthu.edu.tw,[1]一般
109,0003,國立臺灣大學,公立,[33]臺北市,[106]臺北市大安區羅斯福路四段1號,(02)33663366,http://www.ntu.edu.tw,[1]一般
109,0004,國立臺灣師範大學,公立,[33]臺北市,[106]臺北市大安區和平東路一段162號,(02)77491111,http://www.ntnu.edu.tw,[3]師範
109,0005,國立成功大學,公立,[21]臺南市,[701]臺南市東區大學路1號,(06)2757575,http://www.ncku.edu.tw,[1]一般
109,0006,國立中興大學,公立,[19]臺中市,[402]臺中市南區興大路145號,(04)22873181,http://www.nchu.edu.tw,[1]一般
109,0007,國立陽明交通大學,公立,[18]新竹市,[300]新竹市東區大學路1001號,(03)5712121,http://www.nycu.edu.tw,[1]一般
109,0008,國立中央大學,公立,[03]桃園市,[320]桃園市中壢區中大路300號,(03)4227151,http://www.ncu.edu.tw,[1]一般
109,0009,國立中山大學,公立,[52]高雄市,[804]高雄市鼓山區蓮海路70號,(07)5252000,http://www.nsysu.edu.tw,[1]一般
109,0012,國立臺灣海洋大學,公立,[17]基隆市,[202]基隆市中正區北寧路2號,(02)24622192,http://www.ntou.edu.tw,[1]一般
109,0013,國立中正大學,公立,[10]嘉義縣,[621]嘉義縣民雄鄉三興村7鄰大學路一段168號,(05)2720411,http://www.ccu.edu.tw,[1]一般
109,0014,國立高雄師範大學,公立,[58]高雄市,[802]高雄市苓雅區和平一路116號,(07)7172930,http://www.nknu.edu.tw,[3]師範
109,0015,國立彰化師範大學,公立,[07]彰化縣,[500]彰化縣彰化市進德路1號,(04)7232105,http://www.ncue.edu.tw,[3]師範
109,0017,國立臺北大學,公立,[01]新北市,[237]新北市三峽區大學路151號,(02)86741111,http://new.ntpu.edu.tw/,[1]一般
109,0018,國立嘉義大學,公立,[20]嘉義市,[600]嘉義市東區鹿寮里學府路300號,(05)2717000,http://www.ncyu.edu.tw,[1]一般
109,0019,國立高雄大學,公立,[54]高雄市,[811]高雄市楠梓區高雄大學路700號,(07)5919000,http://www.nuk.edu.tw,[1]一般
109,0020,國立東華大學,公立,[15]花蓮縣,[974]花蓮縣壽豐鄉志學村大學路二段1號,(03)8903000,http://www.ndhu.edu.tw,[1]一般
109,0021,國立暨南國際大學,公立,[08]南投縣,[545]南投縣埔里鎮大學路1號,(049)2910960#2996,http://www.ncnu.edu.tw,[1]一般
109,0022,國立臺灣科技大學,公立,[33]臺北市,[106]臺北市大安區基隆路四段43號,(02)27333141,http://www.ntust.edu.tw,[2]技職
109,0023,國立雲林科技大學,公立,[09]雲林縣,[640]雲林縣斗六市大學路三段123號,(05)5342601,http://www.yuntech.edu.tw,[2]技職
109,0024,國立屏東科技大學,公立,[13]屏東縣,[912]屏東縣內埔鄉老埤村學府路1號,(08)7703202,http://www.npust.edu.tw,[2]技職
109,0025,國立臺北科技大學,公立,[33]臺北市,[106]臺北市大安區忠孝東路三段1號,(02)27712171,http://www.ntut.edu.tw,[2]技職
109,0028,國立臺北藝術大學,公立,[42]臺北市,[112]臺北市北投區學園路1號,(02)28961000,http://www.tnua.edu.tw,[1]一般
109,0029,國立臺灣藝術大學,公立,[01]新北市,[220]新北市板橋區大觀路一段59號,(02)22722181,http://www.ntua.edu.tw,[1]一般
109,0030,國立臺東大學,公立,[14]臺東縣,[950]臺東縣臺東市大學路二段369號,(089)318855,http://www.nttu.edu.tw,[1]一般
109,0031,國立宜蘭大學,公立,[02]宜蘭縣,[260]宜蘭縣宜蘭市神農路一段1號,(03)9357400,http://www.niu.edu.tw,[1]一般
109,0032,國立聯合大學,公立,[05]苗栗縣,[360]苗栗縣苗栗市恭敬里聯大1號,(037)381000,http://www.nuu.edu.tw,[1]一般
109,0033,國立虎尾科技大學,公立,[09]雲林縣,[632]雲林縣虎尾鎮文化路64號,(05)6315000,http://www.nfu.edu.tw,[2]技職
109,0035,國立臺南藝術大學,公立,[11]臺南市,[720]臺南市官田區大崎里大崎66號,(06)6930100,http://www.tnnua.edu.tw,[1]一般
109,0036,國立臺南大學,公立,[21]臺南市,[700]臺南市中西區樹林街二段33號,(06)2133111,http://web.nutn.edu.tw,[1]一般
109,0037,國立臺北教育大學,公立,[33]臺北市,[106]臺北市大安區和平東路二段134號,(02)27321104,http://www.ntue.edu.tw,[3]師範
109,0039,國立臺中教育大學,公立,[19]臺中市,[403]臺中市西區民生路140號,(04)22183199,http://www.ntcu.edu.tw,[3]師範
109,0042,國立澎湖科技大學,公立,[16]澎湖縣,[880]澎湖縣馬公市六合路300號,(06)9264115,http://www.npu.edu.tw,[2]技職
109,0043,國立勤益科技大學,公立,[06]臺中市,[411]臺中市太平區坪林里中山路二段57號,(04)23924505,http://www.ncut.edu.tw,[2]技職
109,0044,國立體育大學,公立,[03]桃園市,[333]桃園市龜山區文化一路250號,(03)3283201,http://www.ntsu.edu.tw,[1]一般
109,0046,國立臺北護理健康大學,公立,[42]臺北市,[112]臺北市北投區明德路365號,(02)28227101,http://www.ntunhs.edu.tw,[2]技職
109,0047,國立高雄餐旅大學,公立,[61]高雄市,[812]高雄市小港區松和路1號,(07)8060505,http://www.nkuht.edu.tw,[2]技職
109,0048,國立金門大學,公立,[71]金門縣,[892]金門縣金寧鄉大學路1號,(082)313300,http://www.nqu.edu.tw/cht/index.php,[1]一般
109,0049,國立臺灣體育運動大學,公立,[19]臺中市,[404]臺中市北區雙十路一段16號,(04)22213108,http://www.ntupes.edu.tw,[1]一般
109,0050,國立臺中科技大學,公立,[19]臺中市,[404]臺中市北區三民路三段129號,(04)22195678,http://www.nutc.edu.tw/bin/home.php,[2]技職
109,0051,國立臺北商業大學,公立,[35]臺北市,[100]臺北市中正區濟南路一段321號,(02)33222777,http://www.ntub.edu.tw,[2]技職
109,0052,國立屏東大學,公立,[13]屏東縣,[900]屏東縣屏東市民生路4-18號,(08)7663800,http://www.nptu.edu.tw,[1]一般
109,0053,國立高雄科技大學,公立,[55]高雄市,[807]高雄市三民區建工路415號,(07)3814526,http://www.nkust.edu.tw,[2]技職
109,1001,東海大學,私立,[19]臺中市,[407]臺中市西屯區臺灣大道四段1727號,(04)23590121,http://cdn.thu.edu.tw/,[1]一般
109,1002,輔仁大學,私立,[01]新北市,[242]新北市新莊區中正路510號,(02)29052000,http://www.fju.edu.tw,[1]一般
109,1003,東吳大學,私立,[41]臺北市,[111]臺北市士林區臨溪路70號,(02)28819471,http://www.scu.edu.tw,[1]一般
109,1004,中原大學,私立,[03]桃園市,[320]桃園市中壢區中北路200號,(03)2659999,http://www.cycu.edu.tw,[1]一般
109,1005,淡江大學,私立,[01]新北市,[251]新北市淡水區英專路151號,(02)26215656,http://www.tku.edu.tw,[1]一般
109,1006,中國文化大學,私立,[41]臺北市,[111]臺北市士林區華岡路55號,(02)28610511,http://www.pccu.edu.tw,[1]一般
109,1007,逢甲大學,私立,[19]臺中市,[407]臺中市西屯區文華路100號,(04)24517250,http://www.fcu.edu.tw,[1]一般
109,1008,靜宜大學,私立,[06]臺中市,[433]臺中市沙鹿區臺灣大道七段200號,(04)26328001,http://www.pu.edu.tw,[1]一般
109,1009,長庚大學,私立,[03]桃園市,[333]桃園市龜山區文化一路259號,(03)2118800,http://www.cgu.edu.tw,[1]一般
109,1010,元智大學,私立,[03]桃園市,[320]桃園市中壢區遠東路135號,(03)4638800,http://www.yzu.edu.tw,[1]一般
109,1011,中華大學,私立,[18]新竹市,[300]新竹市香山區東香里五福路二段707號,(03)5374281~5,http://www.chu.edu.tw,[1]一般
109,1012,大葉大學,私立,[07]彰化縣,[515]彰化縣大村鄉學府路168號,(04)8511888,http://www.dyu.edu.tw,[1]一般
109,1013,華梵大學,私立,[01]新北市,[223]新北市石碇區華梵路1號,(02)26632102,http://www.hfu.edu.tw,[1]一般
109,1014,義守大學,私立,[12]高雄市,[840]高雄市大樹區三和里學城路一段1號,(07)6577711,http://www.isu.edu.tw,[1]一般
109,1015,世新大學,私立,[38]臺北市,[116]臺北市文山區木柵路一段17巷1號,(02)22368225,http://www.shu.edu.tw,[1]一般
109,1016,銘傳大學,私立,[41]臺北市,[111]臺北市士林區中山北路五段250號,(02)28824564,http://www.mcu.edu.tw,[1]一般
109,1017,實踐大學,私立,[34]臺北市,[104]臺北市中山區大直街70號,(02)25381111,http://www.usc.edu.tw,[1]一般
109,1018,朝陽科技大學,私立,[06]臺中市,[413]臺中市霧峰區吉峰東路168號,(04)23323000,http://www.cyut.edu.tw,[2]技職
109,1019,高雄醫學大學,私立,[55]高雄市,[807]高雄市三民區十全一路100號,(07)3121101,http://www2.kmu.edu.tw,[1]一般
109,1020,南華大學,私立,[10]嘉義縣,[622]嘉義縣大林鎮南華路一段55號,(05)3102100,http://www.nhu.edu.tw,[1]一般
109,1021,真理大學,私立,[01]新北市,[251]新北市淡水區真理街32號,(02)26212121,http://www.au.edu.tw,[1]一般
109,1022,大同大學,私立,[34]臺北市,[104]臺北市中山區中山北路三段40號,(02)21822928,http://www.ttu.edu.tw,[1]一般
109,1023,南臺科技大學,私立,[11]臺南市,[710]臺南市永康區尚頂里南臺街1號,(06)2533131,http://www.stust.edu.tw,[2]技職
109,1024,崑山科技大學,私立,[11]臺南市,[710]臺南市永康區崑大路195號,(06)2727175,http://www.ksu.edu.tw,[2]技職
109,1025,嘉南藥理大學,私立,[11]臺南市,[717]臺南市仁德區二仁路一段60號,(06)2664911,http://www.cnu.edu.tw,[2]技職
109,1026,樹德科技大學,私立,[12]高雄市,[824]高雄市燕巢區橫山路59號,(07)6158000,http://www.stu.edu.tw,[2]技職
109,1027,慈濟大學,私立,[15]花蓮縣,[970]花蓮縣花蓮市中央路三段701號,(03)8565301,http://www.tcu.edu.tw,[1]一般
109,1028,臺北醫學大學,私立,[32]臺北市,[110]臺北市信義區吳興街250號,(02)27361661,http://www.tmu.edu.tw,[1]一般
109,1029,中山醫學大學,私立,[19]臺中市,[402]臺中市南區建國北路一段110號,(04)24730022,http://www.csmu.edu.tw,[1]一般
109,1030,龍華科技大學,私立,[03]桃園市,[333]桃園市龜山區萬壽路一段300號,(02)82093211,http://www.lhu.edu.tw/,[2]技職
109,1031,輔英科技大學,私立,[12]高雄市,[831]高雄市大寮區進學路151號,(07)7811151,http://web.fy.edu.tw/bin/home.php,[2]技職
109,1032,明新科技大學,私立,[04]新竹縣,[304]新竹縣新豐鄉新興路1號,(03)5593142,http://www.must.edu.tw,[2]技職
109,1033,長榮大學,私立,[11]臺南市,[711]臺南市歸仁區長大路1號,(06)2785123,http://www.cjcu.edu.tw,[1]一般
109,1034,弘光科技大學,私立,[06]臺中市,[433]臺中市沙鹿區臺灣大道六段1018號,(04)26318652,http://www.hk.edu.tw,[2]技職
109,1035,中國醫藥大學,私立,[19]臺中市,[404]臺中市北區學士路91號,(04)22053366,http://www.cmu.edu.tw,[1]一般
109,1036,健行科技大學,私立,[03]桃園市,[320]桃園市中壢區健行路229號,(03)4581196,http://www.uch.edu.tw,[2]技職
109,1037,正修科技大學,私立,[12]高雄市,[833]高雄市鳥松區澄清路840號,(07)7358800,http://www.csu.edu.tw/wSite/mp?mp=10001,[2]技職
109,1038,萬能科技大學,私立,[03]桃園市,[320]桃園市中壢區萬能路1號,(03)4515811,http://www.vnu.edu.tw/,[2]技職
109,1039,玄奘大學,私立,[18]新竹市,[300]新竹市香山區東香里玄奘路48號,(03)5302255,http://www.hcu.edu.tw,[1]一般
109,1040,建國科技大學,私立,[07]彰化縣,[500]彰化縣彰化市介壽北路1號,(04)7111111,http://www.ctu.edu.tw,[2]技職
109,1041,明志科技大學,私立,[01]新北市,[243]新北市泰山區貴子里工專路84號 ,(02)29089899,http://www.mcut.edu.tw/,[2]技職
109,1042,高苑科技大學,私立,[12]高雄市,[821]高雄市路竹區中山路1821號,(07)6077777,http://www.kyu.edu.tw,[2]技職
109,1043,大仁科技大學,私立,[13]屏東縣,[907]屏東縣鹽埔鄉新二村維新路20號,(08)7624002~5,http://www.tajen.edu.tw,[2]技職
109,1044,聖約翰科技大學,私立,[01]新北市,[251]新北市淡水區淡金路四段499號,(02)28013131#7011,http://www.sju.edu.tw/,[2]技職
109,1045,嶺東科技大學,私立,[19]臺中市,[408]臺中市南屯區嶺東路1號,(04)23892088,http://www.ltu.edu.tw,[2]技職
109,1046,中國科技大學,私立,[38]臺北市,[116]臺北市文山區興隆路三段56號,(02)29313416,http://www.cute.edu.tw/,[2]技職
109,1047,中臺科技大學,私立,[19]臺中市,[406]臺中市北屯區廍子路666號,(04)22391647,http://www.ctust.edu.tw,[2]技職
109,1048,亞洲大學,私立,[06]臺中市,[413]臺中市霧峰區柳豐路500號,(04)23323456,http://www.asia.edu.tw,[1]一般
109,1049,開南大學,私立,[03]桃園市,[338]桃園市蘆竹區開南路1號,(03)3412500,http://www.knu.edu.tw,[1]一般
109,1050,佛光大學,私立,[02]宜蘭縣,[262]宜蘭縣礁溪鄉林美村林尾路160號,(03)9871000,http://www.fgu.edu.tw,[1]一般
109,1051,台南應用科技大學,私立,[11]臺南市,[710]臺南市永康區中正路529號,(06)2532106,http://www.tut.edu.tw/,[2]技職
109,1052,遠東科技大學,私立,[11]臺南市,[744]臺南市新市區中華路49號,(06)5979566,http://www.feu.edu.tw,[2]技職
109,1053,元培醫事科技大學,私立,[18]新竹市,[300]新竹市香山區元培街306號,(03)5381183,http://www.ypu.edu.tw/,[2]技職
109,1054,景文科技大學,私立,[01]新北市,[231]新北市新店區安忠路99號,(02)82122000,http://www.just.edu.tw/,[2]技職
109,1055,中華醫事科技大學,私立,[11]臺南市,[717]臺南市仁德區文華一街89號,(06)2674567,http://www.hwai.edu.tw,[2]技職
109,1056,東南科技大學,私立,[01]新北市,[222]新北市深坑區北深路三段152號,(02)86625900,http://www.tnu.edu.tw/,[2]技職
109,1057,德明財經科技大學,私立,[40]臺北市,[114]臺北市內湖區環山路一段56號,(02)26585801,http://www.takming.edu.tw,[2]技職
109,1058,明道大學,私立,[07]彰化縣,[523]彰化縣埤頭鄉文化路369號,(04)8876660,http://www.mdu.edu.tw,[1]一般
109,1060,南開科技大學,私立,[08]南投縣,[542]南投縣草屯鎮中正路568號,(049)2563489,http://www.nkut.edu.tw,[2]技職
109,1061,中華科技大學,私立,[39]臺北市,[115]臺北市南港區研究院路三段245號,(02)27821862~4,http://www.cust.edu.tw/www/cust.html,[2]技職
109,1062,僑光科技大學,私立,[19]臺中市,[407]臺中市西屯區僑光路100號,(04)27016855,http://www.ocu.edu.tw,[2]技職
109,1063,育達科技大學,私立,[05]苗栗縣,[361]苗栗縣造橋鄉談文村學府路168號,(037)651188,http://www.ydu.edu.tw,[2]技職
109,1064,美和科技大學,私立,[13]屏東縣,[912]屏東縣內埔鄉美和村屏光路23號,(08)7799821,http://www.meiho.edu.tw,[2]技職
109,1065,吳鳳科技大學,私立,[10]嘉義縣,[621]嘉義縣民雄鄉建國路二段117號,(05)2267125,http://www.wfu.edu.tw/,[2]技職
109,1066,環球科技大學,私立,[09]雲林縣,[640]雲林縣斗六市嘉東里鎮南路1221號,(05)5370988,http://www.twu.edu.tw/,[2]技職
109,1067,台灣首府大學,私立,[11]臺南市,[721]臺南市麻豆區南勢里168號,(06)5718888,http://web.tsu.edu.tw/bin/home.php,[1]一般
109,1068,中州科技大學,私立,[07]彰化縣,[510]彰化縣員林市山腳路三段2巷6號,(04)8359000,http://www.ccut.edu.tw,[2]技職
109,1069,修平科技大學,私立,[06]臺中市,[412]臺中市大里區工業路11號,(04)24961100,http://www.hust.edu.tw/,[2]技職
109,1070,長庚科技大學,私立,[03]桃園市,[333]桃園市龜山區文化一路261號,(03)2118999,http://www.cgust.edu.tw,[2]技職
109,1071,臺北城市科技大學,私立,[42]臺北市,[112]臺北市北投區學園路2號,(02)28927154,http://www.tpcu.edu.tw,[2]技職
109,1072,敏實科技大學,私立,[04]新竹縣,[307]新竹縣芎林鄉大華路1號,(03)5927700,http://www.tust.edu.tw,[2]技職
109,1073,醒吾科技大學,私立,[01]新北市,[244]新北市林口區粉寮路一段101號,(02)26015310,http://www.hwu.edu.tw,[2]技職
109,1075,文藻外語大學,私立,[55]高雄市,[807]高雄市三民區民族一路900號,(07)3426031,http://www.wzu.edu.tw,[2]技職
109,1076,華夏科技大學,私立,[01]新北市,[235]新北市中和區工專路111號,(02)89415100,http://www.hwh.edu.tw,[2]技職
109,1077,慈濟科技大學,私立,[15]花蓮縣,[970]花蓮縣花蓮市建國路二段880號,(03)8572158,http://www.tcust.edu.tw,[2]技職
109,1078,致理科技大學,私立,[01]新北市,[220]新北市板橋區文化路一段313號,(02)22576167,http://www.chihlee.edu.tw,[2]技職
109,1079,康寧大學,私立,[40]臺北市,[114]臺北市內湖區康寧路三段75巷137號,(02)26321181,http://www.ukn.edu.tw/,[1]一般
109,1080,宏國德霖科技大學,私立,[01]新北市,[236]新北市土城區青雲路380巷1號,(02)22733567,http://www.hdut.edu.tw/,[2]技職
109,1081,東方設計大學,私立,[12]高雄市,[829]高雄市湖內區東方路110號,(07)6932011,http://www.tf.edu.tw,[2]技職
109,1082,崇右影藝科技大學,私立,[17]基隆市,[201]基隆市信義區義七路40號,(02)24237785,http://www.cufa.edu.tw/,[2]技職
109,1083,台北海洋科技大學,私立,[01]新北市,[251]新北市淡水區濱海路三段150號,(02)28059999,http://www.tumt.edu.tw/bin/home.php,[2]技職
109,3002,臺北市立大學,公立,[35]臺北市,[100]臺北市中正區愛國西路1號,(02)23113040,http://www.uTaipei.edu.tw,[1]一般
109,0144,國立臺灣戲曲學院,公立,[40]臺北市,[114]臺北市內湖區內湖路二段177號,(02)27962666,http://www.tcpa.edu.tw/bin/home.php,[2]技職
109,1125,中信金融管理學院,私立,[21]臺南市,[709]臺南市安南區台江大道三段600號,(06)2873335,http://www.ctbc.edu.tw/,[1]一般
109,1148,大漢技術學院,私立,[15]花蓮縣,[971]花蓮縣新城鄉大漢村樹人街1號,(03)8210888,http://www.dahan.edu.tw,[2]技職
109,1159,和春技術學院,私立,[12]高雄市,[831]高雄市大寮區琉球里至學路288號,(07)2621941,http://www.fotech.edu.tw,[2]技職
109,1166,亞東技術學院,私立,[01]新北市,[220]新北市板橋區四川路二段58號,(02)77388000,http://www.oit.edu.tw,[2]技職
109,1168,南亞技術學院,私立,[03]桃園市,[320]桃園市中壢區中山東路三段414號,(03)4361070,http://www.nanya.edu.tw/home.aspx,[2]技職
109,1176,稻江科技暨管理學院,私立,[10]嘉義縣,[613]嘉義縣朴子市學府路二段51號,(05)3622889,http://www.toko.edu.tw,[1]一般
109,1182,蘭陽技術學院,私立,[02]宜蘭縣,[261]宜蘭縣頭城鎮復興路79號,(03)9771997,http://www.fit.edu.tw,[2]技職
109,1183,黎明技術學院,私立,[01]新北市,[243]新北市泰山區泰林路三段22號,(02)29097811,http://www.lit.edu.tw,[2]技職
109,1185,經國管理暨健康學院,私立,[17]基隆市,[203]基隆市中山區復興路336號,(02)24372093,http://www.cku.edu.tw,[2]技職
109,1188,大同技術學院,私立,[20]嘉義市,[600]嘉義市東區彌陀路253號,(05)2223124,http://www.ttc.edu.tw,[2]技職
109,1192,臺灣觀光學院,私立,[15]花蓮縣,[974]花蓮縣壽豐鄉豐山村中興街268號,(03)8653906,http://www.tht.edu.tw,[2]技職
109,1195,馬偕醫學院,私立,[01]新北市,[252]新北市三芝區中正路三段46號,(02)26360303,http://www.mmc.edu.tw,[1]一般
109,1196,法鼓文理學院,私立,[01]新北市,[208]新北市金山區西湖里法鼓路700號,(02) 24980707 ,http://www.dila.edu.tw/,[1]一般
109,0221,國立臺南護理專科學校,公立,[21]臺南市,[700]臺南市中西區民族路二段78號,(06)2110600,http://www.ntin.edu.tw,[2]技職
109,0222,國立臺東專科學校,公立,[14]臺東縣,[950]臺東縣臺東市正氣北路889號,(089)226389#6000　,http://www.ntc.edu.tw,[2]技職
109,1282,馬偕醫護管理專科學校,私立,[42]臺北市,[112]臺北市北投區聖景路92號,(02)28584180,http://www.mkc.edu.tw,[2]技職
109,1283,仁德醫護管理專科學校,私立,[05]苗栗縣,[356]苗栗縣後龍鎮溪洲里7鄰砂崙湖79之9號,(037)728855,http://www.jente.edu.tw,[2]技職
109,1284,樹人醫護管理專科學校,私立,[12]高雄市,[821]高雄市路竹區環球路452號,(07)6979333,http://www.szmc.edu.tw,[2]技職
109,1285,慈惠醫護管理專科學校,私立,[13]屏東縣,[926]屏東縣南州鄉三民路367號,(08)8647367,http://www.tzuhui.edu.tw,[2]技職
109,1286,耕莘健康管理專科學校,私立,[01]新北市,[231]新北市新店區民族路112號,(02)22191131,http://www.ctcn.edu.tw,[2]技職
109,1287,敏惠醫護管理專科學校,私立,[11]臺南市,[736]臺南市柳營區中山東路二段1116號,(06)6226111,http://www.mhchcm.edu.tw/,[2]技職
109,1289,育英醫護管理專科學校,私立,[55]高雄市,[807]高雄市三民區大昌二路420巷15號,(07)3811765,http://www.yuhing.edu.tw/releaseRedirect.do?unitID=1&pageID=95,[2]技職
109,1291,聖母醫護管理專科學校,私立,[02]宜蘭縣,[266]宜蘭縣三星鄉三星路二段265巷100號,(03)9897396,http://www.smc.edu.tw/,[2]技職
109,1292,新生醫護管理專科學校,私立,[03]桃園市,[325]桃園市龍潭區中豐路高平段418號,(03)4117578,http://www.web.hsc.edu.tw/bin/home.php,[2]技職
109,1293,崇仁醫護管理專科學校,私立,[10]嘉義縣,[622]嘉義縣大林鎮湖北里大湖1之10號,(05)2658880,http://www.cjc.edu.tw,[2]技職
110,0001,國立政治大學,公立,[38]臺北市,[116]臺北市文山區指南路二段64號,(02)29393091,http://www.nccu.edu.tw,[1]一般
110,0002,國立清華大學,公立,[18]新竹市,[300]新竹市東區光復路二段101號,(03)5715131,http://www.nthu.edu.tw,[1]一般
110,0003,國立臺灣大學,公立,[33]臺北市,[106]臺北市大安區羅斯福路四段1號,(02)33663366,http://www.ntu.edu.tw,[1]一般
110,0004,國立臺灣師範大學,公立,[33]臺北市,[106]臺北市大安區和平東路一段162號,(02)77491111,http://www.ntnu.edu.tw,[3]師範
110,0005,國立成功大學,公立,[21]臺南市,[701]臺南市東區大學路1號,(06)2757575,http://www.ncku.edu.tw,[1]一般
110,0006,國立中興大學,公立,[19]臺中市,[402]臺中市南區興大路145號,(04)22873181,http://www.nchu.edu.tw,[1]一般
110,0007,國立陽明交通大學,公立,[18]新竹市,[300]新竹市東區大學路1001號,(03)5712121,http://www.nycu.edu.tw,[1]一般
110,0008,國立中央大學,公立,[03]桃園市,[320]桃園市中壢區中大路300號,(03)4227151,http://www.ncu.edu.tw,[1]一般
110,0009,國立中山大學,公立,[52]高雄市,[804]高雄市鼓山區蓮海路70號,(07)5252000,http://www.nsysu.edu.tw,[1]一般
110,0012,國立臺灣海洋大學,公立,[17]基隆市,[202]基隆市中正區北寧路2號,(02)24622192,http://www.ntou.edu.tw,[1]一般
110,0013,國立中正大學,公立,[10]嘉義縣,[621]嘉義縣民雄鄉三興村7鄰大學路一段168號,(05)2720411,http://www.ccu.edu.tw,[1]一般
110,0014,國立高雄師範大學,公立,[58]高雄市,[802]高雄市苓雅區和平一路116號,(07)7172930,http://www.nknu.edu.tw,[3]師範
110,0015,國立彰化師範大學,公立,[07]彰化縣,[500]彰化縣彰化市進德路1號,(04)7232105,http://www.ncue.edu.tw,[3]師範
110,0017,國立臺北大學,公立,[01]新北市,[237]新北市三峽區大學路151號,(02)86741111,http://new.ntpu.edu.tw/,[1]一般
110,0018,國立嘉義大學,公立,[20]嘉義市,[600]嘉義市東區鹿寮里學府路300號,(05)2717000,http://www.ncyu.edu.tw,[1]一般
110,0019,國立高雄大學,公立,[54]高雄市,[811]高雄市楠梓區高雄大學路700號,(07)5919000,http://www.nuk.edu.tw,[1]一般
110,0020,國立東華大學,公立,[15]花蓮縣,[974]花蓮縣壽豐鄉志學村大學路二段1號,(03)8903000,http://www.ndhu.edu.tw,[1]一般
110,0021,國立暨南國際大學,公立,[08]南投縣,[545]南投縣埔里鎮大學路1號,(049)2910960#2996,http://www.ncnu.edu.tw,[1]一般
110,0022,國立臺灣科技大學,公立,[33]臺北市,[106]臺北市大安區基隆路四段43號,(02)27333141,http://www.ntust.edu.tw,[2]技職
110,0023,國立雲林科技大學,公立,[09]雲林縣,[640]雲林縣斗六市大學路三段123號,(05)5342601,http://www.yuntech.edu.tw,[2]技職
110,0024,國立屏東科技大學,公立,[13]屏東縣,[912]屏東縣內埔鄉老埤村學府路1號,(08)7703202,http://www.npust.edu.tw,[2]技職
110,0025,國立臺北科技大學,公立,[33]臺北市,[106]臺北市大安區忠孝東路三段1號,(02)27712171,http://www.ntut.edu.tw,[2]技職
110,0028,國立臺北藝術大學,公立,[42]臺北市,[112]臺北市北投區學園路1號,(02)28961000,http://www.tnua.edu.tw,[1]一般
110,0029,國立臺灣藝術大學,公立,[01]新北市,[220]新北市板橋區大觀路一段59號,(02)22722181,http://www.ntua.edu.tw,[1]一般
110,0030,國立臺東大學,公立,[14]臺東縣,[950]臺東縣臺東市大學路二段369號,(089)318855,http://www.nttu.edu.tw,[1]一般
110,0031,國立宜蘭大學,公立,[02]宜蘭縣,[260]宜蘭縣宜蘭市神農路一段1號,(03)9357400,http://www.niu.edu.tw,[1]一般
110,0032,國立聯合大學,公立,[05]苗栗縣,[360]苗栗縣苗栗市恭敬里聯大1號,(037)381000,http://www.nuu.edu.tw,[1]一般
110,0033,國立虎尾科技大學,公立,[09]雲林縣,[632]雲林縣虎尾鎮文化路64號,(05)6315000,http://www.nfu.edu.tw,[2]技職
110,0035,國立臺南藝術大學,公立,[11]臺南市,[720]臺南市官田區大崎里大崎66號,(06)6930100,http://www.tnnua.edu.tw,[1]一般
110,0036,國立臺南大學,公立,[21]臺南市,[700]臺南市中西區樹林街二段33號,(06)2133111,http://web.nutn.edu.tw,[1]一般
110,0037,國立臺北教育大學,公立,[33]臺北市,[106]臺北市大安區和平東路二段134號,(02)27321104,http://www.ntue.edu.tw,[3]師範
110,0039,國立臺中教育大學,公立,[19]臺中市,[403]臺中市西區民生路140號,(04)22183199,http://www.ntcu.edu.tw,[3]師範
110,0042,國立澎湖科技大學,公立,[16]澎湖縣,[880]澎湖縣馬公市六合路300號,(06)9264115,http://www.npu.edu.tw,[2]技職
110,0043,國立勤益科技大學,公立,[06]臺中市,[411]臺中市太平區坪林里中山路二段57號,(04)23924505,http://www.ncut.edu.tw,[2]技職
110,0044,國立體育大學,公立,[03]桃園市,[333]桃園市龜山區文化一路250號,(03)3283201,http://www.ntsu.edu.tw,[1]一般
110,0046,國立臺北護理健康大學,公立,[42]臺北市,[112]臺北市北投區明德路365號,(02)28227101,http://www.ntunhs.edu.tw,[2]技職
110,0047,國立高雄餐旅大學,公立,[61]高雄市,[812]高雄市小港區松和路1號,(07)8060505,http://www.nkuht.edu.tw,[2]技職
110,0048,國立金門大學,公立,[71]金門縣,[892]金門縣金寧鄉大學路1號,(082)313300,http://www.nqu.edu.tw/cht/index.php,[1]一般
110,0049,國立臺灣體育運動大學,公立,[19]臺中市,[404]臺中市北區雙十路一段16號,(04)22213108,http://www.ntus.edu.tw,[1]一般
110,0050,國立臺中科技大學,公立,[19]臺中市,[404]臺中市北區三民路三段129號,(04)22195678,http://www.nutc.edu.tw/bin/home.php,[2]技職
110,0051,國立臺北商業大學,公立,[35]臺北市,[100]臺北市中正區濟南路一段321號,(02)33222777,http://www.ntub.edu.tw,[2]技職
110,0052,國立屏東大學,公立,[13]屏東縣,[900]屏東縣屏東市民生路4-18號,(08)7663800,http://www.nptu.edu.tw,[1]一般
110,0053,國立高雄科技大學,公立,[55]高雄市,[807]高雄市三民區建工路415號,(07)3814526,http://www.nkust.edu.tw,[2]技職
110,1001,東海大學,私立,[19]臺中市,[407]臺中市西屯區臺灣大道四段1727號,(04)23590121,http://cdn.thu.edu.tw/,[1]一般
110,1002,輔仁大學,私立,[01]新北市,[242]新北市新莊區中正路510號,(02)29052000,http://www.fju.edu.tw,[1]一般
110,1003,東吳大學,私立,[41]臺北市,[111]臺北市士林區臨溪路70號,(02)28819471,http://www.scu.edu.tw,[1]一般
110,1004,中原大學,私立,[03]桃園市,[320]桃園市中壢區中北路200號,(03)2659999,http://www.cycu.edu.tw,[1]一般
110,1005,淡江大學,私立,[01]新北市,[251]新北市淡水區英專路151號,(02)26215656,http://www.tku.edu.tw,[1]一般
110,1006,中國文化大學,私立,[41]臺北市,[111]臺北市士林區華岡路55號,(02)28610511,http://www.pccu.edu.tw,[1]一般
110,1007,逢甲大學,私立,[19]臺中市,[407]臺中市西屯區文華路100號,(04)24517250,http://www.fcu.edu.tw,[1]一般
110,1008,靜宜大學,私立,[06]臺中市,[433]臺中市沙鹿區臺灣大道七段200號,(04)26328001,http://www.pu.edu.tw,[1]一般
110,1009,長庚大學,私立,[03]桃園市,[333]桃園市龜山區文化一路259號,(03)2118800,http://www.cgu.edu.tw,[1]一般
110,1010,元智大學,私立,[03]桃園市,[320]桃園市中壢區遠東路135號,(03)4638800,http://www.yzu.edu.tw,[1]一般
110,1011,中華大學,私立,[18]新竹市,[300]新竹市香山區東香里五福路二段707號,(03)5374281~5,http://www.chu.edu.tw,[1]一般
110,1012,大葉大學,私立,[07]彰化縣,[515]彰化縣大村鄉學府路168號,(04)8511888,http://www.dyu.edu.tw,[1]一般
110,1013,華梵大學,私立,[01]新北市,[223]新北市石碇區華梵路1號,(02)26632102,http://www.hfu.edu.tw,[1]一般
110,1014,義守大學,私立,[12]高雄市,[840]高雄市大樹區三和里學城路一段1號,(07)6577711,http://www.isu.edu.tw,[1]一般
110,1015,世新大學,私立,[38]臺北市,[116]臺北市文山區木柵路一段17巷1號,(02)22368225,http://www.shu.edu.tw,[1]一般
110,1016,銘傳大學,私立,[41]臺北市,[111]臺北市士林區中山北路五段250號,(02)28824564,http://www.mcu.edu.tw,[1]一般
110,1017,實踐大學,私立,[34]臺北市,[104]臺北市中山區大直街70號,(02)25381111,http://www.usc.edu.tw,[1]一般
110,1018,朝陽科技大學,私立,[06]臺中市,[413]臺中市霧峰區吉峰東路168號,(04)23323000,http://www.cyut.edu.tw,[2]技職
110,1019,高雄醫學大學,私立,[55]高雄市,[807]高雄市三民區十全一路100號,(07)3121101,http://www2.kmu.edu.tw,[1]一般
110,1020,南華大學,私立,[10]嘉義縣,[622]嘉義縣大林鎮南華路一段55號,(05)3102100,http://www.nhu.edu.tw,[1]一般
110,1021,真理大學,私立,[01]新北市,[251]新北市淡水區真理街32號,(02)26212121,http://www.au.edu.tw,[1]一般
110,1022,大同大學,私立,[34]臺北市,[104]臺北市中山區中山北路三段40號,(02)21822928,http://www.ttu.edu.tw,[1]一般
110,1023,南臺科技大學,私立,[11]臺南市,[710]臺南市永康區尚頂里南臺街1號,(06)2533131,http://www.stust.edu.tw,[2]技職
110,1024,崑山科技大學,私立,[11]臺南市,[710]臺南市永康區崑大路195號,(06)2727175,http://www.ksu.edu.tw,[2]技職
110,1025,嘉南藥理大學,私立,[11]臺南市,[717]臺南市仁德區二仁路一段60號,(06)2664911,http://www.cnu.edu.tw,[2]技職
110,1026,樹德科技大學,私立,[12]高雄市,[824]高雄市燕巢區橫山路59號,(07)6158000,http://www.stu.edu.tw,[2]技職
110,1027,慈濟大學,私立,[15]花蓮縣,[970]花蓮縣花蓮市中央路三段701號,(03)8565301,http://www.tcu.edu.tw,[1]一般
110,1028,臺北醫學大學,私立,[32]臺北市,[110]臺北市信義區吳興街250號,(02)27361661,http://www.tmu.edu.tw,[1]一般
110,1029,中山醫學大學,私立,[19]臺中市,[402]臺中市南區建國北路一段110號,(04)24730022,http://www.csmu.edu.tw,[1]一般
110,1030,龍華科技大學,私立,[03]桃園市,[333]桃園市龜山區萬壽路一段300號,(02)82093211,http://www.lhu.edu.tw/,[2]技職
110,1031,輔英科技大學,私立,[12]高雄市,[831]高雄市大寮區進學路151號,(07)7811151,http://web.fy.edu.tw/bin/home.php,[2]技職
110,1032,明新科技大學,私立,[04]新竹縣,[304]新竹縣新豐鄉新興路1號,(03)5593142,http://www.must.edu.tw,[2]技職
110,1033,長榮大學,私立,[11]臺南市,[711]臺南市歸仁區長大路1號,(06)2785123,http://www.cjcu.edu.tw,[1]一般
110,1034,弘光科技大學,私立,[06]臺中市,[433]臺中市沙鹿區臺灣大道六段1018號,(04)26318652,http://www.hk.edu.tw,[2]技職
110,1035,中國醫藥大學,私立,[19]臺中市,[406]臺中市北屯區經貿路一段100號,(04)22053366,http://www.cmu.edu.tw,[1]一般
110,1036,健行科技大學,私立,[03]桃園市,[320]桃園市中壢區健行路229號,(03)4581196,http://www.uch.edu.tw,[2]技職
110,1037,正修科技大學,私立,[12]高雄市,[833]高雄市鳥松區澄清路840號,(07)7358800,http://www.csu.edu.tw/wSite/mp?mp=10001,[2]技職
110,1038,萬能科技大學,私立,[03]桃園市,[320]桃園市中壢區萬能路1號,(03)4515811,http://www.vnu.edu.tw/,[2]技職
110,1039,玄奘大學,私立,[18]新竹市,[300]新竹市香山區東香里玄奘路48號,(03)5302255,http://www.hcu.edu.tw,[1]一般
110,1040,建國科技大學,私立,[07]彰化縣,[500]彰化縣彰化市介壽北路1號,(04)7111111,http://www.ctu.edu.tw,[2]技職
110,1041,明志科技大學,私立,[01]新北市,[243]新北市泰山區貴子里工專路84號 ,(02)29089899,http://www.mcut.edu.tw/,[2]技職
110,1042,高苑科技大學,私立,[12]高雄市,[821]高雄市路竹區中山路1821號,(07)6077777,http://www.kyu.edu.tw,[2]技職
110,1043,大仁科技大學,私立,[13]屏東縣,[907]屏東縣鹽埔鄉新二村維新路20號,(08)7624002~5,http://www.tajen.edu.tw,[2]技職
110,1044,聖約翰科技大學,私立,[01]新北市,[251]新北市淡水區淡金路四段499號,(02)28013131#7011,http://www.sju.edu.tw/,[2]技職
110,1045,嶺東科技大學,私立,[19]臺中市,[408]臺中市南屯區嶺東路1號,(04)23892088,http://www.ltu.edu.tw,[2]技職
110,1046,中國科技大學,私立,[38]臺北市,[116]臺北市文山區興隆路三段56號,(02)29313416,http://www.cute.edu.tw/,[2]技職
110,1047,中臺科技大學,私立,[19]臺中市,[406]臺中市北屯區廍子路666號,(04)22391647,http://www.ctust.edu.tw,[2]技職
110,1048,亞洲大學,私立,[06]臺中市,[413]臺中市霧峰區柳豐路500號,(04)23323456,http://www.asia.edu.tw,[1]一般
110,1049,開南大學,私立,[03]桃園市,[338]桃園市蘆竹區開南路1號,(03)3412500,http://www.knu.edu.tw,[1]一般
110,1050,佛光大學,私立,[02]宜蘭縣,[262]宜蘭縣礁溪鄉林美村林尾路160號,(03)9871000,http://www.fgu.edu.tw,[1]一般
110,1051,台南應用科技大學,私立,[11]臺南市,[710]臺南市永康區中正路529號,(06)2532106,http://www.tut.edu.tw/,[2]技職
110,1052,遠東科技大學,私立,[11]臺南市,[744]臺南市新市區中華路49號,(06)5979566,http://www.feu.edu.tw,[2]技職
110,1053,元培醫事科技大學,私立,[18]新竹市,[300]新竹市香山區元培街306號,(03)5381183,http://www.ypu.edu.tw/,[2]技職
110,1054,景文科技大學,私立,[01]新北市,[231]新北市新店區安忠路99號,(02)82122000,http://www.just.edu.tw/,[2]技職
110,1055,中華醫事科技大學,私立,[11]臺南市,[717]臺南市仁德區文華一街89號,(06)2674567,http://www.hwai.edu.tw,[2]技職
110,1056,東南科技大學,私立,[01]新北市,[222]新北市深坑區北深路三段152號,(02)86625900,http://www.tnu.edu.tw/,[2]技職
110,1057,德明財經科技大學,私立,[40]臺北市,[114]臺北市內湖區環山路一段56號,(02)26585801,http://www.takming.edu.tw,[2]技職
110,1058,明道大學,私立,[07]彰化縣,[523]彰化縣埤頭鄉文化路369號,(04)8876660,http://www.mdu.edu.tw,[1]一般
110,1060,南開科技大學,私立,[08]南投縣,[542]南投縣草屯鎮中正路568號,(049)2563489,http://www.nkut.edu.tw,[2]技職
110,1061,中華科技大學,私立,[39]臺北市,[115]臺北市南港區研究院路三段245號,(02)27821862~4,http://www.cust.edu.tw/www/cust.html,[2]技職
110,1062,僑光科技大學,私立,[19]臺中市,[407]臺中市西屯區僑光路100號,(04)27016855,http://www.ocu.edu.tw,[2]技職
110,1063,育達科技大學,私立,[05]苗栗縣,[361]苗栗縣造橋鄉談文村學府路168號,(037)651188,http://www.ydu.edu.tw,[2]技職
110,1064,美和科技大學,私立,[13]屏東縣,[912]屏東縣內埔鄉美和村屏光路23號,(08)7799821,http://www.meiho.edu.tw,[2]技職
110,1065,吳鳳科技大學,私立,[10]嘉義縣,[621]嘉義縣民雄鄉建國路二段117號,(05)2267125,http://www.wfu.edu.tw/,[2]技職
110,1066,環球科技大學,私立,[09]雲林縣,[640]雲林縣斗六市嘉東里鎮南路1221號,(05)5370988,http://www.twu.edu.tw/,[2]技職
110,1067,台灣首府大學,私立,[11]臺南市,[721]臺南市麻豆區南勢里168號,(06)5718888,http://web.tsu.edu.tw/bin/home.php,[1]一般
110,1068,中州科技大學,私立,[07]彰化縣,[510]彰化縣員林市山腳路三段2巷6號,(04)8359000,http://www.ccut.edu.tw,[2]技職
110,1069,修平科技大學,私立,[06]臺中市,[412]臺中市大里區工業路11號,(04)24961100,http://www.hust.edu.tw/,[2]技職
110,1070,長庚科技大學,私立,[03]桃園市,[333]桃園市龜山區文化一路261號,(03)2118999,http://www.cgust.edu.tw,[2]技職
110,1071,臺北城市科技大學,私立,[42]臺北市,[112]臺北市北投區學園路2號,(02)28927154,http://www.tpcu.edu.tw,[2]技職
110,1072,敏實科技大學,私立,[04]新竹縣,[307]新竹縣芎林鄉大華路1號,(03)5927700,http://www.tust.edu.tw,[2]技職
110,1073,醒吾科技大學,私立,[01]新北市,[244]新北市林口區粉寮路一段101號,(02)26015310,http://www.hwu.edu.tw,[2]技職
110,1075,文藻外語大學,私立,[55]高雄市,[807]高雄市三民區民族一路900號,(07)3426031,http://www.wzu.edu.tw,[2]技職
110,1076,華夏科技大學,私立,[01]新北市,[235]新北市中和區工專路111號,(02)89415100,http://www.hwh.edu.tw,[2]技職
110,1077,慈濟科技大學,私立,[15]花蓮縣,[970]花蓮縣花蓮市建國路二段880號,(03)8572158,http://www.tcust.edu.tw,[2]技職
110,1078,致理科技大學,私立,[01]新北市,[220]新北市板橋區文化路一段313號,(02)22576167,http://www.chihlee.edu.tw,[2]技職
110,1079,康寧大學,私立,[40]臺北市,[114]臺北市內湖區康寧路三段75巷137號,(02)26321181,http://www.ukn.edu.tw/,[1]一般
110,1080,宏國德霖科技大學,私立,[01]新北市,[236]新北市土城區青雲路380巷1號,(02)22733567,http://www.hdut.edu.tw/,[2]技職
110,1081,東方設計大學,私立,[12]高雄市,[829]高雄市湖內區東方路110號,(07)6932011,http://www.tf.edu.tw,[2]技職
110,1082,崇右影藝科技大學,私立,[17]基隆市,[201]基隆市信義區義七路40號,(02)24237785,http://www.cufa.edu.tw/,[2]技職
110,1083,台北海洋科技大學,私立,[01]新北市,[251]新北市淡水區濱海路三段150號,(02)28059999,http://www.tumt.edu.tw/app/home.php,[2]技職
110,1084,亞東科技大學,私立,[01]新北市,[220]新北市板橋區四川路二段58號,(02)77388000,http://www.oit.edu.tw,[2]技職
110,3002,臺北市立大學,公立,[35]臺北市,[100]臺北市中正區愛國西路1號,(02)23113040,http://www.uTaipei.edu.tw,[1]一般
110,0144,國立臺灣戲曲學院,公立,[40]臺北市,[114]臺北市內湖區內湖路二段177號,(02)27962666,http://www.tcpa.edu.tw/,[2]技職
110,1125,中信金融管理學院,私立,[21]臺南市,[709]臺南市安南區台江大道三段600號,(06)2873335,http://www.ctbc.edu.tw/bin/home.php,[1]一般
110,1148,大漢技術學院,私立,[15]花蓮縣,[971]花蓮縣新城鄉大漢村樹人街1號,(03)8210888,http://www.dahan.edu.tw,[2]技職
110,1159,和春技術學院,私立,[12]高雄市,[831]高雄市大寮區琉球里至學路288號,(07)2621941,http://www.fotech.edu.tw,[2]技職
110,1168,南亞技術學院,私立,[03]桃園市,[320]桃園市中壢區中山東路三段414號,(03)4361070,http://www.nanya.edu.tw/home.aspx,[2]技職
110,1182,蘭陽技術學院,私立,[02]宜蘭縣,[261]宜蘭縣頭城鎮復興路79號,(03)9771997,http://www.fit.edu.tw,[2]技職
110,1183,黎明技術學院,私立,[01]新北市,[243]新北市泰山區泰林路三段22號,(02)29097811,http://www.lit.edu.tw/bin/home.php,[2]技職
110,1185,經國管理暨健康學院,私立,[17]基隆市,[203]基隆市中山區復興路336號,(02)24372093,http://www.cku.edu.tw,[2]技職
110,1188,大同技術學院,私立,[20]嘉義市,[600]嘉義市東區彌陀路253號,(05)2223124,http://www.ttc.edu.tw,[2]技職
110,1195,馬偕醫學院,私立,[01]新北市,[252]新北市三芝區中正路三段46號,(02)26360303,http://www.mmc.edu.tw,[1]一般
110,1196,法鼓文理學院,私立,[01]新北市,[208]新北市金山區西湖里法鼓路700號,(02)24980707 ,http://www.dila.edu.tw/,[1]一般
110,0221,國立臺南護理專科學校,公立,[21]臺南市,[700]臺南市中西區民族路二段78號,(06)2110600,http://www.ntin.edu.tw,[2]技職
110,0222,國立臺東專科學校,公立,[14]臺東縣,[950]臺東縣臺東市正氣北路889號,(089)226389#6000　,http://www.ntc.edu.tw,[2]技職
110,1282,馬偕醫護管理專科學校,私立,[42]臺北市,[112]臺北市北投區聖景路92號,(02)28584180,http://www.mkc.edu.tw,[2]技職
110,1283,仁德醫護管理專科學校,私立,[05]苗栗縣,[356]苗栗縣後龍鎮溪洲里7鄰砂崙湖79之9號,(037)728855,http://jtwww.jente.edu.tw/bin/home.php,[2]技職
110,1284,樹人醫護管理專科學校,私立,[12]高雄市,[821]高雄市路竹區環球路452號,(07)6979333,http://www.szmc.edu.tw/index.asp,[2]技職
110,1285,慈惠醫護管理專科學校,私立,[13]屏東縣,[926]屏東縣南州鄉三民路367號,(08)8647367,http://www.tzuhui.edu.tw,[2]技職
110,1286,耕莘健康管理專科學校,私立,[01]新北市,[231]新北市新店區民族路112號,(02)22191131,http://www.ctcn.edu.tw,[2]技職
110,1287,敏惠醫護管理專科學校,私立,[11]臺南市,[736]臺南市柳營區中山東路二段1116號,(06)6226111,http://www.mhchcm.edu.tw/bin/home.php,[2]技職
110,1289,育英醫護管理專科學校,私立,[55]高雄市,[807]高雄市三民區大昌二路420巷15號,(07)3811765,http://www.yuhing.edu.tw/releaseRedirect.do?unitID=1&pageID=95,[2]技職
110,1291,聖母醫護管理專科學校,私立,[02]宜蘭縣,[266]宜蘭縣三星鄉三星路二段265巷100號,(03)9897396,http://www.smc.edu.tw/,[2]技職
110,1292,新生醫護管理專科學校,私立,[03]桃園市,[325]桃園市龍潭區中豐路高平段418號,(03)4117578,http://www.web.hsc.edu.tw/bin/home.php,[2]技職
110,1293,崇仁醫護管理專科學校,私立,[10]嘉義縣,[622]嘉義縣大林鎮湖北里大湖1之10號,(05)2658880,http://www.cjc.edu.tw/index.php,[2]技職
111,0001,國立政治大學,公立,[38]臺北市,[116]臺北市文山區指南路二段64號,(02)29393091,http://www.nccu.edu.tw,[1]一般
111,0002,國立清華大學,公立,[18]新竹市,[300]新竹市東區光復路二段101號,(03)5715131,http://www.nthu.edu.tw,[1]一般
111,0003,國立臺灣大學,公立,[33]臺北市,[106]臺北市大安區羅斯福路四段1號,(02)33663366,http://www.ntu.edu.tw,[1]一般
111,0004,國立臺灣師範大學,公立,[33]臺北市,[106]臺北市大安區和平東路一段162號,(02)77491111,http://www.ntnu.edu.tw,[3]師範
111,0005,國立成功大學,公立,[21]臺南市,[701]臺南市東區大學路1號,(06)2757575,http://www.ncku.edu.tw,[1]一般
111,0006,國立中興大學,公立,[19]臺中市,[402]臺中市南區興大路145號,(04)22873181,http://www.nchu.edu.tw,[1]一般
111,0007,國立陽明交通大學,公立,[18]新竹市,[300]新竹市東區大學路1001號,(03)5712121,http://www.nycu.edu.tw,[1]一般
111,0008,國立中央大學,公立,[03]桃園市,[320]桃園市中壢區中大路300號,(03)4227151,http://www.ncu.edu.tw,[1]一般
111,0009,國立中山大學,公立,[52]高雄市,[804]高雄市鼓山區蓮海路70號,(07)5252000,http://www.nsysu.edu.tw,[1]一般
111,0012,國立臺灣海洋大學,公立,[17]基隆市,[202]基隆市中正區北寧路2號,(02)24622192,http://www.ntou.edu.tw,[1]一般
111,0013,國立中正大學,公立,[10]嘉義縣,[621]嘉義縣民雄鄉三興村7鄰大學路一段168號,(05)2720411,http://www.ccu.edu.tw,[1]一般
111,0014,國立高雄師範大學,公立,[58]高雄市,[802]高雄市苓雅區和平一路116號,(07)7172930,http://www.nknu.edu.tw,[3]師範
111,0015,國立彰化師範大學,公立,[07]彰化縣,[500]彰化縣彰化市進德路1號,(04)7232105,http://www.ncue.edu.tw,[3]師範
111,0017,國立臺北大學,公立,[01]新北市,[237]新北市三峽區大學路151號,(02)86741111,http://new.ntpu.edu.tw/,[1]一般
111,0018,國立嘉義大學,公立,[20]嘉義市,[600]嘉義市東區鹿寮里學府路300號,(05)2717000,http://www.ncyu.edu.tw,[1]一般
111,0019,國立高雄大學,公立,[54]高雄市,[811]高雄市楠梓區高雄大學路700號,(07)5919000,http://www.nuk.edu.tw,[1]一般
111,0020,國立東華大學,公立,[15]花蓮縣,[974]花蓮縣壽豐鄉志學村大學路二段1號,(03)8903000,http://www.ndhu.edu.tw,[1]一般
111,0021,國立暨南國際大學,公立,[08]南投縣,[545]南投縣埔里鎮大學路1號,(049)2910960#2996,http://www.ncnu.edu.tw,[1]一般
111,0022,國立臺灣科技大學,公立,[33]臺北市,[106]臺北市大安區基隆路四段43號,(02)27333141,http://www.ntust.edu.tw,[2]技職
111,0023,國立雲林科技大學,公立,[09]雲林縣,[640]雲林縣斗六市大學路三段123號,(05)5342601,http://www.yuntech.edu.tw,[2]技職
111,0024,國立屏東科技大學,公立,[13]屏東縣,[912]屏東縣內埔鄉老埤村學府路1號,(08)7703202,http://www.npust.edu.tw,[2]技職
111,0025,國立臺北科技大學,公立,[33]臺北市,[106]臺北市大安區忠孝東路三段1號,(02)27712171,http://www.ntut.edu.tw,[2]技職
111,0028,國立臺北藝術大學,公立,[42]臺北市,[112]臺北市北投區學園路1號,(02)28961000,http://www.tnua.edu.tw,[1]一般
111,0029,國立臺灣藝術大學,公立,[01]新北市,[220]新北市板橋區大觀路一段59號,(02)22722181,http://www.ntua.edu.tw,[1]一般
111,0030,國立臺東大學,公立,[14]臺東縣,[950]臺東縣臺東市大學路二段369號,(089)318855,http://www.nttu.edu.tw,[1]一般
111,0031,國立宜蘭大學,公立,[02]宜蘭縣,[260]宜蘭縣宜蘭市神農路一段1號,(03)9357400,http://www.niu.edu.tw,[1]一般
111,0032,國立聯合大學,公立,[05]苗栗縣,[360]苗栗縣苗栗市恭敬里聯大1號,(037)381000,http://www.nuu.edu.tw,[1]一般
111,0033,國立虎尾科技大學,公立,[09]雲林縣,[632]雲林縣虎尾鎮文化路64號,(05)6315000,http://www.nfu.edu.tw,[2]技職
111,0035,國立臺南藝術大學,公立,[11]臺南市,[720]臺南市官田區大崎里大崎66號,(06)6930100,http://www.tnnua.edu.tw,[1]一般
111,0036,國立臺南大學,公立,[21]臺南市,[700]臺南市中西區樹林街二段33號,(06)2133111,http://web.nutn.edu.tw,[1]一般
111,0037,國立臺北教育大學,公立,[33]臺北市,[106]臺北市大安區和平東路二段134號,(02)27321104,http://www.ntue.edu.tw,[3]師範
111,0039,國立臺中教育大學,公立,[19]臺中市,[403]臺中市西區民生路140號,(04)22183199,http://www.ntcu.edu.tw,[3]師範
111,0042,國立澎湖科技大學,公立,[16]澎湖縣,[880]澎湖縣馬公市六合路300號,(06)9264115,http://www.npu.edu.tw,[2]技職
111,0043,國立勤益科技大學,公立,[06]臺中市,[411]臺中市太平區坪林里中山路二段57號,(04)23924505,http://www.ncut.edu.tw,[2]技職
111,0044,國立體育大學,公立,[03]桃園市,[333]桃園市龜山區文化一路250號,(03)3283201,http://www.ntsu.edu.tw,[1]一般
111,0046,國立臺北護理健康大學,公立,[42]臺北市,[112]臺北市北投區明德路365號,(02)28227101,http://www.ntunhs.edu.tw,[2]技職
111,0047,國立高雄餐旅大學,公立,[61]高雄市,[812]高雄市小港區松和路1號,(07)8060505,https://www.nkuht.edu.tw/p/403-1000-18.php,[2]技職
111,0048,國立金門大學,公立,[71]金門縣,[892]金門縣金寧鄉大學路1號,(082)313300,http://www.nqu.edu.tw/cht/index.php,[1]一般
111,0049,國立臺灣體育運動大學,公立,[19]臺中市,[404]臺中市北區雙十路一段16號,(04)22213108,https://www.ntus.edu.tw/cht/index.php,[1]一般
111,0050,國立臺中科技大學,公立,[19]臺中市,[404]臺中市北區三民路三段129號,(04)22195678,http://www.nutc.edu.tw/bin/home.php,[2]技職
111,0051,國立臺北商業大學,公立,[35]臺北市,[100]臺北市中正區濟南路一段321號,(02)33222777,http://www.ntub.edu.tw,[2]技職
111,0052,國立屏東大學,公立,[13]屏東縣,[900]屏東縣屏東市民生路4-18號,(08)7663800,http://www.nptu.edu.tw,[1]一般
111,0053,國立高雄科技大學,公立,[55]高雄市,[807]高雄市三民區建工路415號,(07)3814526,http://www.nkust.edu.tw,[2]技職
111,0144,國立臺灣戲曲學院,公立,[40]臺北市,[114]臺北市內湖區內湖路二段177號,(02)27962666,http://www.tcpa.edu.tw/,[2]技職
111,0221,國立臺南護理專科學校,公立,[21]臺南市,[700]臺南市中西區民族路二段78號,(06)2110600,http://www.ntin.edu.tw,[2]技職
111,0222,國立臺東專科學校,公立,[14]臺東縣,[950]臺東縣臺東市正氣北路889號,(089)226389,http://www.ntc.edu.tw,[2]技職
111,1001,東海大學,私立,[19]臺中市,[407]臺中市西屯區臺灣大道四段1727號,(04)23590121,https://www.thu.edu.tw/,[1]一般
111,1002,輔仁大學,私立,[01]新北市,[242]新北市新莊區中正路510號,(02)29052000,http://www.fju.edu.tw,[1]一般
111,1003,東吳大學,私立,[41]臺北市,[111]臺北市士林區臨溪路70號,(02)28819471,http://www.scu.edu.tw,[1]一般
111,1004,中原大學,私立,[03]桃園市,[320]桃園市中壢區中北路200號,(03)2659999,http://www.cycu.edu.tw,[1]一般
111,1005,淡江大學,私立,[01]新北市,[251]新北市淡水區英專路151號,(02)26215656,http://www.tku.edu.tw,[1]一般
111,1006,中國文化大學,私立,[41]臺北市,[111]臺北市士林區華岡路55號,(02)28610511,http://www.pccu.edu.tw,[1]一般
111,1007,逢甲大學,私立,[19]臺中市,[407]臺中市西屯區文華路100號,(04)24517250,http://www.fcu.edu.tw,[1]一般
111,1008,靜宜大學,私立,[06]臺中市,[433]臺中市沙鹿區臺灣大道七段200號,(04)26328001,http://www.pu.edu.tw,[1]一般
111,1009,長庚大學,私立,[03]桃園市,[333]桃園市龜山區文化一路259號,(03)2118800,http://www.cgu.edu.tw,[1]一般
111,1010,元智大學,私立,[03]桃園市,[320]桃園市中壢區遠東路135號,(03)4638800,http://www.yzu.edu.tw,[1]一般
111,1011,中華大學,私立,[18]新竹市,[300]新竹市香山區東香里五福路二段707號,(03)5374281~5,http://www.chu.edu.tw,[1]一般
111,1012,大葉大學,私立,[07]彰化縣,[515]彰化縣大村鄉學府路168號,(04)8511888,http://www.dyu.edu.tw,[1]一般
111,1013,華梵大學,私立,[01]新北市,[223]新北市石碇區華梵路1號,(02)26632102,http://www.hfu.edu.tw,[1]一般
111,1014,義守大學,私立,[12]高雄市,[840]高雄市大樹區三和里學城路一段1號,(07)6577711,http://www.isu.edu.tw,[1]一般
111,1015,世新大學,私立,[38]臺北市,[116]臺北市文山區木柵路一段17巷1號,(02)22368225,http://www.shu.edu.tw,[1]一般
111,1016,銘傳大學,私立,[41]臺北市,[111]臺北市士林區中山北路五段250號,(02)28824564,http://www.mcu.edu.tw,[1]一般
111,1017,實踐大學,私立,[34]臺北市,[104]臺北市中山區大直街70號,(02)25381111,https://www.usc.edu.tw/,[1]一般
111,1018,朝陽科技大學,私立,[06]臺中市,[413]臺中市霧峰區吉峰東路168號,(04)23323000,http://www.cyut.edu.tw,[2]技職
111,1019,高雄醫學大學,私立,[55]高雄市,[807]高雄市三民區十全一路100號,(07)3121101,http://www2.kmu.edu.tw,[1]一般
111,1020,南華大學,私立,[10]嘉義縣,[622]嘉義縣大林鎮南華路一段55號,(05)3102100,http://www.nhu.edu.tw,[1]一般
111,1021,真理大學,私立,[01]新北市,[251]新北市淡水區真理街32號,(02)26212121,http://www.au.edu.tw,[1]一般
111,1022,大同大學,私立,[34]臺北市,[104]臺北市中山區中山北路三段40號,(02)21822928,http://www.ttu.edu.tw,[1]一般
111,1023,南臺科技大學,私立,[11]臺南市,[710]臺南市永康區尚頂里南臺街1號,(06)2533131,http://www.stust.edu.tw,[2]技職
111,1024,崑山科技大學,私立,[11]臺南市,[710]臺南市永康區崑大路195號,(06)2727175,http://www.ksu.edu.tw,[2]技職
111,1025,嘉南藥理大學,私立,[11]臺南市,[717]臺南市仁德區二仁路一段60號,(06)2664911,http://www.cnu.edu.tw,[2]技職
111,1026,樹德科技大學,私立,[12]高雄市,[824]高雄市燕巢區橫山路59號,(07)6158000,http://www.stu.edu.tw,[2]技職
111,1027,慈濟大學,私立,[15]花蓮縣,[970]花蓮縣花蓮市中央路三段701號,(03)8565301,http://www.tcu.edu.tw,[1]一般
111,1028,臺北醫學大學,私立,[32]臺北市,[110]臺北市信義區吳興街250號,(02)27361661,http://www.tmu.edu.tw,[1]一般
111,1029,中山醫學大學,私立,[19]臺中市,[402]臺中市南區建國北路一段110號,(04)24730022,http://www.csmu.edu.tw,[1]一般
111,1030,龍華科技大學,私立,[03]桃園市,[333]桃園市龜山區萬壽路一段300號,(02)82093211,http://www.lhu.edu.tw/,[2]技職
111,1031,輔英科技大學,私立,[12]高雄市,[831]高雄市大寮區進學路151號,(07)7811151,https://www.fy.edu.tw/,[2]技職
111,1032,明新科技大學,私立,[04]新竹縣,[304]新竹縣新豐鄉新興路1號,(03)5593142,http://www.must.edu.tw,[2]技職
111,1033,長榮大學,私立,[11]臺南市,[711]臺南市歸仁區長大路1號,(06)2785123,http://www.cjcu.edu.tw,[1]一般
111,1034,弘光科技大學,私立,[06]臺中市,[433]臺中市沙鹿區臺灣大道六段1018號,(04)26318652,http://www.hk.edu.tw,[2]技職
111,1035,中國醫藥大學,私立,[19]臺中市,[406]臺中市北屯區經貿路一段100號,(04)22053366,http://www.cmu.edu.tw,[1]一般
111,1036,健行科技大學,私立,[03]桃園市,[320]桃園市中壢區健行路229號,(03)4581196,http://www.uch.edu.tw,[2]技職
111,1037,正修科技大學,私立,[12]高雄市,[833]高雄市鳥松區澄清路840號,(07)7358800,http://www.csu.edu.tw/wSite/mp?mp=10001,[2]技職
111,1038,萬能科技大學,私立,[03]桃園市,[320]桃園市中壢區萬能路1號,(03)4515811,http://www.vnu.edu.tw/,[2]技職
111,1039,玄奘大學,私立,[18]新竹市,[300]新竹市香山區東香里玄奘路48號,(03)5302255,http://www.hcu.edu.tw,[1]一般
111,1040,建國科技大學,私立,[07]彰化縣,[500]彰化縣彰化市介壽北路1號,(04)7111111,http://www.ctu.edu.tw,[2]技職
111,1041,明志科技大學,私立,[01]新北市,[243]新北市泰山區貴子里工專路84號,(02)29089899,http://www.mcut.edu.tw/,[2]技職
111,1042,高苑科技大學,私立,[12]高雄市,[821]高雄市路竹區中山路1821號,(07)6077777,http://www.kyu.edu.tw,[2]技職
111,1043,大仁科技大學,私立,[13]屏東縣,[907]屏東縣鹽埔鄉新二村維新路20號,(08)7624002~5,http://www.tajen.edu.tw,[2]技職
111,1044,聖約翰科技大學,私立,[01]新北市,[251]新北市淡水區淡金路四段499號,(02)28013131#7011,https://www.sju.edu.tw/,[2]技職
111,1045,嶺東科技大學,私立,[19]臺中市,[408]臺中市南屯區嶺東路1號,(04)23892088,http://www.ltu.edu.tw,[2]技職
111,1046,中國科技大學,私立,[38]臺北市,[116]臺北市文山區興隆路三段56號,(02)29313416,http://www.cute.edu.tw/,[2]技職
111,1047,中臺科技大學,私立,[19]臺中市,[406]臺中市北屯區廍子路666號,(04)22391647,http://www.ctust.edu.tw,[2]技職
111,1048,亞洲大學,私立,[06]臺中市,[413]臺中市霧峰區柳豐路500號,(04)23323456,http://www.asia.edu.tw,[1]一般
111,1049,開南大學,私立,[03]桃園市,[338]桃園市蘆竹區開南路1號,(03)3412500,http://www.knu.edu.tw,[1]一般
111,1050,佛光大學,私立,[02]宜蘭縣,[262]宜蘭縣礁溪鄉林美村林尾路160號,(03)9871000,http://www.fgu.edu.tw,[1]一般
111,1051,台南應用科技大學,私立,[11]臺南市,[710]臺南市永康區中正路529號,(06)2532106,http://www.tut.edu.tw/,[2]技職
111,1052,遠東科技大學,私立,[11]臺南市,[744]臺南市新市區中華路49號,(06)5979566,http://www.feu.edu.tw,[2]技職
111,1053,元培醫事科技大學,私立,[18]新竹市,[300]新竹市香山區元培街306號,(03)5381183,http://www.ypu.edu.tw/,[2]技職
111,1054,景文科技大學,私立,[01]新北市,[231]新北市新店區安忠路99號,(02)82122000,http://www.just.edu.tw/,[2]技職
111,1055,中華醫事科技大學,私立,[11]臺南市,[717]臺南市仁德區文華一街89號,(06)2674567,http://www.hwai.edu.tw,[2]技職
111,1056,東南科技大學,私立,[01]新北市,[222]新北市深坑區北深路三段152號,(02)86625900,http://www.tnu.edu.tw/,[2]技職
111,1057,德明財經科技大學,私立,[40]臺北市,[114]臺北市內湖區環山路一段56號,(02)26585801,http://www.takming.edu.tw,[2]技職
111,1058,明道大學,私立,[07]彰化縣,[523]彰化縣埤頭鄉文化路369號,(04)8876660,http://www.mdu.edu.tw,[1]一般
111,1060,南開科技大學,私立,[08]南投縣,[542]南投縣草屯鎮中正路568號,(049)2563489,http://www.nkut.edu.tw,[2]技職
111,1061,中華科技大學,私立,[39]臺北市,[115]臺北市南港區研究院路三段245號,(02)27821862~4,http://www.cust.edu.tw/www/cust.html,[2]技職
111,1062,僑光科技大學,私立,[19]臺中市,[407]臺中市西屯區僑光路100號,(04)27016855,http://www.ocu.edu.tw,[2]技職
111,1063,育達科技大學,私立,[05]苗栗縣,[361]苗栗縣造橋鄉談文村學府路168號,(037)651188,http://www.ydu.edu.tw,[2]技職
111,1064,美和科技大學,私立,[13]屏東縣,[912]屏東縣內埔鄉美和村屏光路23號,(08)7799821,https://www.meiho.edu.tw/,[2]技職
111,1065,吳鳳科技大學,私立,[10]嘉義縣,[621]嘉義縣民雄鄉建國路二段117號,(05)2267125,http://www.wfu.edu.tw/,[2]技職
111,1066,環球科技大學,私立,[09]雲林縣,[640]雲林縣斗六市嘉東里鎮南路1221號,(05)5370988,http://www.twu.edu.tw/,[2]技職
111,1067,台灣首府大學,私立,[11]臺南市,[721]臺南市麻豆區南勢里168號,(06)5718888,https://web.tsu.edu.tw/,[1]一般
111,1068,中州科技大學,私立,[07]彰化縣,[510]彰化縣員林市山腳路三段2巷6號,(04)8359000,http://www.ccut.edu.tw,[2]技職
111,1069,修平科技大學,私立,[06]臺中市,[412]臺中市大里區工業路11號,(04)24961100,http://www.hust.edu.tw/,[2]技職
111,1070,長庚科技大學,私立,[03]桃園市,[333]桃園市龜山區文化一路261號,(03)2118999,http://www.cgust.edu.tw,[2]技職
111,1071,臺北城市科技大學,私立,[42]臺北市,[112]臺北市北投區學園路2號,(02)28927154,https://www.tpcu.edu.tw/,[2]技職
111,1072,敏實科技大學,私立,[04]新竹縣,[307]新竹縣芎林鄉大華路1號,(03)5927700,https://www.mitust.edu.tw/,[2]技職
111,1073,醒吾科技大學,私立,[01]新北市,[244]新北市林口區粉寮路一段101號,(02)26015310,http://www.hwu.edu.tw,[2]技職
111,1075,文藻外語大學,私立,[55]高雄市,[807]高雄市三民區民族一路900號,(07)3426031,http://www.wzu.edu.tw,[2]技職
111,1076,華夏科技大學,私立,[01]新北市,[235]新北市中和區工專路111號,(02)89415100,http://www.hwh.edu.tw,[2]技職
111,1077,慈濟科技大學,私立,[15]花蓮縣,[970]花蓮縣花蓮市建國路二段880號,(03)8572158,http://www.tcust.edu.tw,[2]技職
111,1078,致理科技大學,私立,[01]新北市,[220]新北市板橋區文化路一段313號,(02)22576167,http://www.chihlee.edu.tw,[2]技職
111,1079,康寧大學,私立,[40]臺北市,[114]臺北市內湖區康寧路三段75巷137號,(02)26321181,http://www.ukn.edu.tw/,[1]一般
111,1080,宏國德霖科技大學,私立,[01]新北市,[236]新北市土城區青雲路380巷1號,(02)22733567,http://www.hdut.edu.tw/,[2]技職
111,1081,東方設計大學,私立,[12]高雄市,[829]高雄市湖內區東方路110號,(07)6932011,http://www.tf.edu.tw,[2]技職
111,1082,崇右影藝科技大學,私立,[17]基隆市,[201]基隆市信義區義七路40號,(02)24237785,http://www.cufa.edu.tw/,[2]技職
111,1083,台北海洋科技大學,私立,[01]新北市,[251]新北市淡水區濱海路三段150號,(02)28059999,http://www.tumt.edu.tw/app/home.php,[2]技職
111,1084,亞東科技大學,私立,[01]新北市,[220]新北市板橋區四川路二段58號,(02)77388000,https://www.aeust.edu.tw/,[2]技職
111,1125,中信金融管理學院,私立,[21]臺南市,[709]臺南市安南區台江大道三段600號,(06)2873335,https://www.ctbc.edu.tw/,[1]一般
111,1148,大漢技術學院,私立,[15]花蓮縣,[971]花蓮縣新城鄉大漢村樹人街1號,(03)8210888,http://www.dahan.edu.tw,[2]技職
111,1159,和春技術學院,私立,[12]高雄市,[831]高雄市大寮區琉球里至學路288號,(07)2621941,http://www.fotech.edu.tw,[2]技職
111,1168,南亞技術學院,私立,[03]桃園市,[320]桃園市中壢區中山東路三段414號,(03)4361070,http://www.nanya.edu.tw/home.aspx,[2]技職
111,1183,黎明技術學院,私立,[01]新北市,[243]新北市泰山區泰林路三段22號,(02)29097811,http://www.lit.edu.tw,[2]技職
111,1185,經國管理暨健康學院,私立,[17]基隆市,[203]基隆市中山區復興路336號,(02)24372093,http://www.cku.edu.tw,[2]技職
111,1188,大同技術學院,私立,[20]嘉義市,[600]嘉義市東區彌陀路253號,(05)2223124,http://www.ttc.edu.tw,[2]技職
111,1195,馬偕醫學院,私立,[01]新北市,[252]新北市三芝區中正路三段46號,(02)26360303,http://www.mmc.edu.tw,[1]一般
111,1196,法鼓文理學院,私立,[01]新北市,[208]新北市金山區西湖里法鼓路700號,(02) 24980707,http://www.dila.edu.tw/,[1]一般
111,1282,馬偕醫護管理專科學校,私立,[42]臺北市,[112]臺北市北投區聖景路92號,(02)28584180,http://www.mkc.edu.tw,[2]技職
111,1283,仁德醫護管理專科學校,私立,[05]苗栗縣,[356]苗栗縣後龍鎮溪洲里7鄰砂崙湖79之9號,(037)728855,http://www.jente.edu.tw,[2]技職
111,1284,樹人醫護管理專科學校,私立,[12]高雄市,[821]高雄市路竹區環球路452號,(07)6979333,http://www.szmc.edu.tw,[2]技職
111,1285,慈惠醫護管理專科學校,私立,[13]屏東縣,[926]屏東縣南州鄉三民路367號,(08)8647367,http://www.tzuhui.edu.tw,[2]技職
111,1286,耕莘健康管理專科學校,私立,[01]新北市,[231]新北市新店區民族路112號,(02)22191131,http://www.ctcn.edu.tw,[2]技職
111,1287,敏惠醫護管理專科學校,私立,[11]臺南市,[736]臺南市柳營區中山東路二段1116號,(06)6226111,https://www.mhchcm.edu.tw/,[2]技職
111,1289,育英醫護管理專科學校,私立,[55]高雄市,[807]高雄市三民區大昌二路420巷15號,(07)3811765,http://www.yuhing.edu.tw/releaseRedirect.do?unitID=1&pageID=95,[2]技職
111,1291,聖母醫護管理專科學校,私立,[02]宜蘭縣,[266]宜蘭縣三星鄉三星路二段265巷100號,(03)9897396,http://www.smc.edu.tw/,[2]技職
111,1292,新生醫護管理專科學校,私立,[03]桃園市,[325]桃園市龍潭區中豐路高平段418號,(03)4117578,http://www.web.hsc.edu.tw/bin/home.php,[2]技職
111,1293,崇仁醫護管理專科學校,私立,[10]嘉義縣,[622]嘉義縣大林鎮湖北里大湖1之10號,(05)2658880,http://www.cjc.edu.tw,[2]技職
111,3002,臺北市立大學,公立,[35]臺北市,[100]臺北市中正區愛國西路1號,(02)23113040,http://www.uTaipei.edu.tw,[1]一般
112,0001,國立政治大學,公立,[38]臺北市,[116]臺北市文山區指南路二段64號,(02)29393091,http://www.nccu.edu.tw,[1]一般
112,0002,國立清華大學,公立,[18]新竹市,[300]新竹市東區光復路二段101號,(03)5715131,http://www.nthu.edu.tw,[1]一般
112,0003,國立臺灣大學,公立,[33]臺北市,[106]臺北市大安區羅斯福路四段1號,(02)33663366,http://www.ntu.edu.tw,[1]一般
112,0004,國立臺灣師範大學,公立,[33]臺北市,[106]臺北市大安區和平東路一段162號,(02)77491111,http://www.ntnu.edu.tw,[3]師範
112,0005,國立成功大學,公立,[21]臺南市,[701]臺南市東區大學路1號,(06)2757575,http://www.ncku.edu.tw,[1]一般
112,0006,國立中興大學,公立,[19]臺中市,[402]臺中市南區興大路145號,(04)22873181,http://www.nchu.edu.tw,[1]一般
112,0007,國立陽明交通大學,公立,[18]新竹市,[300]新竹市東區大學路1001號,(03)5712121,http://www.nycu.edu.tw,[1]一般
112,0008,國立中央大學,公立,[03]桃園市,[320]桃園市中壢區中大路300號,(03)4227151,http://www.ncu.edu.tw,[1]一般
112,0009,國立中山大學,公立,[52]高雄市,[804]高雄市鼓山區蓮海路70號,(07)5252000,http://www.nsysu.edu.tw,[1]一般
112,0012,國立臺灣海洋大學,公立,[17]基隆市,[202]基隆市中正區北寧路2號,(02)24622192,http://www.ntou.edu.tw,[1]一般
112,0013,國立中正大學,公立,[10]嘉義縣,[621]嘉義縣民雄鄉三興村7鄰大學路一段168號,(05)2720411,http://www.ccu.edu.tw,[1]一般
112,0014,國立高雄師範大學,公立,[58]高雄市,[802]高雄市苓雅區和平一路116號,(07)7172930,http://www.nknu.edu.tw,[3]師範
112,0015,國立彰化師範大學,公立,[07]彰化縣,[500]彰化縣彰化市進德路1號,(04)7232105,http://www.ncue.edu.tw,[3]師範
112,0017,國立臺北大學,公立,[01]新北市,[237]新北市三峽區大學路151號,(02)86741111,http://new.ntpu.edu.tw/,[1]一般
112,0018,國立嘉義大學,公立,[20]嘉義市,[600]嘉義市東區鹿寮里學府路300號,(05)2717000,http://www.ncyu.edu.tw,[1]一般
112,0019,國立高雄大學,公立,[54]高雄市,[811]高雄市楠梓區高雄大學路700號,(07)5919000,http://www.nuk.edu.tw,[1]一般
112,0020,國立東華大學,公立,[15]花蓮縣,[974]花蓮縣壽豐鄉志學村大學路二段1號,(03)8903000,http://www.ndhu.edu.tw,[1]一般
112,0021,國立暨南國際大學,公立,[08]南投縣,[545]南投縣埔里鎮大學路1號,(049)2910960#2996,http://www.ncnu.edu.tw,[1]一般
112,0022,國立臺灣科技大學,公立,[33]臺北市,[106]臺北市大安區基隆路四段43號,(02)27333141,http://www.ntust.edu.tw,[2]技職
112,0023,國立雲林科技大學,公立,[09]雲林縣,[640]雲林縣斗六市大學路三段123號,(05)5342601,http://www.yuntech.edu.tw,[2]技職
112,0024,國立屏東科技大學,公立,[13]屏東縣,[912]屏東縣內埔鄉老埤村學府路1號,(08)7703202,http://www.npust.edu.tw,[2]技職
112,0025,國立臺北科技大學,公立,[33]臺北市,[106]臺北市大安區忠孝東路三段1號,(02)27712171,http://www.ntut.edu.tw,[2]技職
112,0028,國立臺北藝術大學,公立,[42]臺北市,[112]臺北市北投區學園路1號,(02)28961000,http://www.tnua.edu.tw,[1]一般
112,0029,國立臺灣藝術大學,公立,[01]新北市,[220]新北市板橋區大觀路一段59號,(02)22722181,http://www.ntua.edu.tw,[1]一般
112,0030,國立臺東大學,公立,[14]臺東縣,[950]臺東縣臺東市大學路二段369號,(089)318855,http://www.nttu.edu.tw,[1]一般
112,0031,國立宜蘭大學,公立,[02]宜蘭縣,[260]宜蘭縣宜蘭市神農路一段1號,(03)9357400,http://www.niu.edu.tw,[1]一般
112,0032,國立聯合大學,公立,[05]苗栗縣,[360]苗栗縣苗栗市恭敬里聯大1號,(037)381000,http://www.nuu.edu.tw,[1]一般
112,0033,國立虎尾科技大學,公立,[09]雲林縣,[632]雲林縣虎尾鎮文化路64號,(05)6315000,http://www.nfu.edu.tw,[2]技職
112,0035,國立臺南藝術大學,公立,[11]臺南市,[720]臺南市官田區大崎里大崎66號,(06)6930100,http://www.tnnua.edu.tw,[1]一般
112,0036,國立臺南大學,公立,[21]臺南市,[700]臺南市中西區樹林街二段33號,(06)2133111,http://web.nutn.edu.tw,[1]一般
112,0037,國立臺北教育大學,公立,[33]臺北市,[106]臺北市大安區和平東路二段134號,(02)27321104,http://www.ntue.edu.tw,[3]師範
112,0039,國立臺中教育大學,公立,[19]臺中市,[403]臺中市西區民生路140號,(04)22183199,http://www.ntcu.edu.tw,[3]師範
112,0042,國立澎湖科技大學,公立,[16]澎湖縣,[880]澎湖縣馬公市六合路300號,(06)9264115,http://www.npu.edu.tw,[2]技職
112,0043,國立勤益科技大學,公立,[06]臺中市,[411]臺中市太平區坪林里中山路二段57號,(04)23924505,http://www.ncut.edu.tw,[2]技職
112,0044,國立體育大學,公立,[03]桃園市,[333]桃園市龜山區文化一路250號,(03)3283201,http://www.ntsu.edu.tw,[1]一般
112,0046,國立臺北護理健康大學,公立,[42]臺北市,[112]臺北市北投區明德路365號,(02)28227101,http://www.ntunhs.edu.tw,[2]技職
112,0047,國立高雄餐旅大學,公立,[61]高雄市,[812]高雄市小港區松和路1號,(07)8060505,https://www.nkuht.edu.tw/p/403-1000-18.php,[2]技職
112,0048,國立金門大學,公立,[71]金門縣,[892]金門縣金寧鄉大學路1號,(082)313300,http://www.nqu.edu.tw/cht/index.php,[1]一般
112,0049,國立臺灣體育運動大學,公立,[19]臺中市,[404]臺中市北區雙十路一段16號,(04)22213108,https://www.ntus.edu.tw/cht/index.php,[1]一般
112,0050,國立臺中科技大學,公立,[19]臺中市,[404]臺中市北區三民路三段129號,(04)22195678,http://www.nutc.edu.tw/bin/home.php,[2]技職
112,0051,國立臺北商業大學,公立,[35]臺北市,[100]臺北市中正區濟南路一段321號,(02)33222777,http://www.ntub.edu.tw,[2]技職
112,0052,國立屏東大學,公立,[13]屏東縣,[900]屏東縣屏東市民生路4-18號,(08)7663800,http://www.nptu.edu.tw,[1]一般
112,0053,國立高雄科技大學,公立,[55]高雄市,[807]高雄市三民區建工路415號,(07)3814526,http://www.nkust.edu.tw,[2]技職
112,0144,國立臺灣戲曲學院,公立,[40]臺北市,[114]臺北市內湖區內湖路二段177號,(02)27962666,http://www.tcpa.edu.tw/,[2]技職
112,0221,國立臺南護理專科學校,公立,[21]臺南市,[700]臺南市中西區民族路二段78號,(06)2110600,http://www.ntin.edu.tw,[2]技職
112,0222,國立臺東專科學校,公立,[14]臺東縣,[950]臺東縣臺東市正氣北路889號,(089)226389,http://www.ntc.edu.tw,[2]技職
112,1001,東海大學,私立,[19]臺中市,[407]臺中市西屯區臺灣大道四段1727號,(04)23590121,https://www.thu.edu.tw/,[1]一般
112,1002,輔仁大學,私立,[01]新北市,[242]新北市新莊區中正路510號,(02)29052000,http://www.fju.edu.tw,[1]一般
112,1003,東吳大學,私立,[41]臺北市,[111]臺北市士林區臨溪路70號,(02)28819471,http://www.scu.edu.tw,[1]一般
112,1004,中原大學,私立,[03]桃園市,[320]桃園市中壢區中北路200號,(03)2659999,http://www.cycu.edu.tw,[1]一般
112,1005,淡江大學,私立,[01]新北市,[251]新北市淡水區英專路151號,(02)26215656,http://www.tku.edu.tw,[1]一般
112,1006,中國文化大學,私立,[41]臺北市,[111]臺北市士林區華岡路55號,(02)28610511,http://www.pccu.edu.tw,[1]一般
112,1007,逢甲大學,私立,[19]臺中市,[407]臺中市西屯區文華路100號,(04)24517250,http://www.fcu.edu.tw,[1]一般
112,1008,靜宜大學,私立,[06]臺中市,[433]臺中市沙鹿區臺灣大道七段200號,(04)26328001,http://www.pu.edu.tw,[1]一般
112,1009,長庚大學,私立,[03]桃園市,[333]桃園市龜山區文化一路259號,(03)2118800,http://www.cgu.edu.tw,[1]一般
112,1010,元智大學,私立,[03]桃園市,[320]桃園市中壢區遠東路135號,(03)4638800,http://www.yzu.edu.tw,[1]一般
112,1011,中華大學,私立,[18]新竹市,[300]新竹市香山區東香里五福路二段707號,(03)5374281~5,http://www.chu.edu.tw,[1]一般
112,1012,大葉大學,私立,[07]彰化縣,[515]彰化縣大村鄉學府路168號,(04)8511888,http://www.dyu.edu.tw,[1]一般
112,1013,華梵大學,私立,[01]新北市,[223]新北市石碇區華梵路1號,(02)26632102,http://www.hfu.edu.tw,[1]一般
112,1014,義守大學,私立,[12]高雄市,[840]高雄市大樹區三和里學城路一段1號,(07)6577711,http://www.isu.edu.tw,[1]一般
112,1015,世新大學,私立,[38]臺北市,[116]臺北市文山區木柵路一段17巷1號,(02)22368225,http://www.shu.edu.tw,[1]一般
112,1016,銘傳大學,私立,[41]臺北市,[111]臺北市士林區中山北路五段250號,(02)28824564,http://www.mcu.edu.tw,[1]一般
112,1017,實踐大學,私立,[34]臺北市,[104]臺北市中山區大直街70號,(02)25381111,https://www.usc.edu.tw/,[1]一般
112,1018,朝陽科技大學,私立,[06]臺中市,[413]臺中市霧峰區吉峰東路168號,(04)23323000,http://www.cyut.edu.tw,[2]技職
112,1019,高雄醫學大學,私立,[55]高雄市,[807]高雄市三民區十全一路100號,(07)3121101,http://www2.kmu.edu.tw,[1]一般
112,1020,南華大學,私立,[10]嘉義縣,[622]嘉義縣大林鎮南華路一段55號,(05)3102100,http://www.nhu.edu.tw,[1]一般
112,1021,真理大學,私立,[01]新北市,[251]新北市淡水區真理街32號,(02)26212121,http://www.au.edu.tw,[1]一般
112,1022,大同大學,私立,[34]臺北市,[104]臺北市中山區中山北路三段40號,(02)21822928,http://www.ttu.edu.tw,[1]一般
112,1023,南臺科技大學,私立,[11]臺南市,[710]臺南市永康區尚頂里南臺街1號,(06)2533131,http://www.stust.edu.tw,[2]技職
112,1024,崑山科技大學,私立,[11]臺南市,[710]臺南市永康區崑大路195號,(06)2727175,http://www.ksu.edu.tw,[2]技職
112,1025,嘉南藥理大學,私立,[11]臺南市,[717]臺南市仁德區二仁路一段60號,(06)2664911,http://www.cnu.edu.tw,[2]技職
112,1026,樹德科技大學,私立,[12]高雄市,[824]高雄市燕巢區橫山路59號,(07)6158000,http://www.stu.edu.tw,[2]技職
112,1027,慈濟大學,私立,[15]花蓮縣,[970]花蓮縣花蓮市中央路三段701號,(03)8565301,http://www.tcu.edu.tw,[1]一般
112,1028,臺北醫學大學,私立,[32]臺北市,[110]臺北市信義區吳興街250號,(02)27361661,http://www.tmu.edu.tw,[1]一般
112,1029,中山醫學大學,私立,[19]臺中市,[402]臺中市南區建國北路一段110號,(04)24730022,http://www.csmu.edu.tw,[1]一般
112,1030,龍華科技大學,私立,[03]桃園市,[333]桃園市龜山區萬壽路一段300號,(02)82093211,http://www.lhu.edu.tw/,[2]技職
112,1031,輔英科技大學,私立,[12]高雄市,[831]高雄市大寮區進學路151號,(07)7811151,https://www.fy.edu.tw/,[2]技職
112,1032,明新科技大學,私立,[04]新竹縣,[304]新竹縣新豐鄉新興路1號,(03)5593142,http://www.must.edu.tw,[2]技職
112,1033,長榮大學,私立,[11]臺南市,[711]臺南市歸仁區長大路1號,(06)2785123,http://www.cjcu.edu.tw,[1]一般
112,1034,弘光科技大學,私立,[06]臺中市,[433]臺中市沙鹿區臺灣大道六段1018號,(04)26318652,http://www.hk.edu.tw,[2]技職
112,1035,中國醫藥大學,私立,[19]臺中市,[406]臺中市北屯區經貿路一段100號,(04)22053366,http://www.cmu.edu.tw,[1]一般
112,1036,健行科技大學,私立,[03]桃園市,[320]桃園市中壢區健行路229號,(03)4581196,http://www.uch.edu.tw,[2]技職
112,1037,正修科技大學,私立,[12]高雄市,[833]高雄市鳥松區澄清路840號,(07)7358800,http://www.csu.edu.tw/wSite/mp?mp=10001,[2]技職
112,1038,萬能科技大學,私立,[03]桃園市,[320]桃園市中壢區萬能路1號,(03)4515811,http://www.vnu.edu.tw/,[2]技職
112,1039,玄奘大學,私立,[18]新竹市,[300]新竹市香山區東香里玄奘路48號,(03)5302255,http://www.hcu.edu.tw,[1]一般
112,1040,建國科技大學,私立,[07]彰化縣,[500]彰化縣彰化市介壽北路1號,(04)7111111,http://www.ctu.edu.tw,[2]技職
112,1041,明志科技大學,私立,[01]新北市,[243]新北市泰山區貴子里工專路84號,(02)29089899,http://www.mcut.edu.tw/,[2]技職
112,1042,台鋼科技大學,私立,[12]高雄市,[821]高雄市路竹區中山路1821號,(07)6077777,http://www.kyu.edu.tw,[2]技職
112,1043,大仁科技大學,私立,[13]屏東縣,[907]屏東縣鹽埔鄉新二村維新路20號,(08)7624002~5,http://www.tajen.edu.tw,[2]技職
112,1044,聖約翰科技大學,私立,[01]新北市,[251]新北市淡水區淡金路四段499號,(02)28013131#7011,https://www.sju.edu.tw/,[2]技職
112,1045,嶺東科技大學,私立,[19]臺中市,[408]臺中市南屯區嶺東路1號,(04)23892088,http://www.ltu.edu.tw,[2]技職
112,1046,中國科技大學,私立,[38]臺北市,[116]臺北市文山區興隆路三段56號,(02)29313416,http://www.cute.edu.tw/,[2]技職
112,1047,中臺科技大學,私立,[19]臺中市,[406]臺中市北屯區廍子路666號,(04)22391647,http://www.ctust.edu.tw,[2]技職
112,1048,亞洲大學,私立,[06]臺中市,[413]臺中市霧峰區柳豐路500號,(04)23323456,http://www.asia.edu.tw,[1]一般
112,1049,開南大學,私立,[03]桃園市,[338]桃園市蘆竹區開南路1號,(03)3412500,http://www.knu.edu.tw,[1]一般
112,1050,佛光大學,私立,[02]宜蘭縣,[262]宜蘭縣礁溪鄉林美村林尾路160號,(03)9871000,http://www.fgu.edu.tw,[1]一般
112,1051,台南應用科技大學,私立,[11]臺南市,[710]臺南市永康區中正路529號,(06)2532106,http://www.tut.edu.tw/,[2]技職
112,1052,遠東科技大學,私立,[11]臺南市,[744]臺南市新市區中華路49號,(06)5979566,http://www.feu.edu.tw,[2]技職
112,1053,元培醫事科技大學,私立,[18]新竹市,[300]新竹市香山區元培街306號,(03)5381183,http://www.ypu.edu.tw/,[2]技職
112,1054,景文科技大學,私立,[01]新北市,[231]新北市新店區安忠路99號,(02)82122000,http://www.just.edu.tw/,[2]技職
112,1055,中華醫事科技大學,私立,[11]臺南市,[717]臺南市仁德區文華一街89號,(06)2674567,http://www.hwai.edu.tw,[2]技職
112,1056,東南科技大學,私立,[01]新北市,[222]新北市深坑區北深路三段152號,(02)86625900,http://www.tnu.edu.tw/,[2]技職
112,1057,德明財經科技大學,私立,[40]臺北市,[114]臺北市內湖區環山路一段56號,(02)26585801,http://www.takming.edu.tw,[2]技職
112,1058,明道大學,私立,[07]彰化縣,[523]彰化縣埤頭鄉文化路369號,(04)8876660,http://www.mdu.edu.tw,[1]一般
112,1060,南開科技大學,私立,[08]南投縣,[542]南投縣草屯鎮中正路568號,(049)2563489,http://www.nkut.edu.tw,[2]技職
112,1061,中華科技大學,私立,[39]臺北市,[115]臺北市南港區研究院路三段245號,(02)27821862~4,http://www.cust.edu.tw/www/cust.html,[2]技職
112,1062,僑光科技大學,私立,[19]臺中市,[407]臺中市西屯區僑光路100號,(04)27016855,http://www.ocu.edu.tw,[2]技職
112,1063,育達科技大學,私立,[05]苗栗縣,[361]苗栗縣造橋鄉談文村學府路168號,(037)651188,http://www.ydu.edu.tw,[2]技職
112,1064,美和科技大學,私立,[13]屏東縣,[912]屏東縣內埔鄉美和村屏光路23號,(08)7799821,https://www.meiho.edu.tw/,[2]技職
112,1065,吳鳳科技大學,私立,[10]嘉義縣,[621]嘉義縣民雄鄉建國路二段117號,(05)2267125,http://www.wfu.edu.tw/,[2]技職
112,1066,環球科技大學,私立,[09]雲林縣,[640]雲林縣斗六市嘉東里鎮南路1221號,(05)5370988,http://www.twu.edu.tw/,[2]技職
112,1069,修平科技大學,私立,[06]臺中市,[412]臺中市大里區工業路11號,(04)24961100,http://www.hust.edu.tw/,[2]技職
112,1070,長庚科技大學,私立,[03]桃園市,[333]桃園市龜山區文化一路261號,(03)2118999,http://www.cgust.edu.tw,[2]技職
112,1071,臺北城市科技大學,私立,[42]臺北市,[112]臺北市北投區學園路2號,(02)28927154,https://www.tpcu.edu.tw/,[2]技職
112,1072,敏實科技大學,私立,[04]新竹縣,[307]新竹縣芎林鄉大華路1號,(03)5927700,https://www.mitust.edu.tw/,[2]技職
112,1073,醒吾科技大學,私立,[01]新北市,[244]新北市林口區粉寮路一段101號,(02)26015310,http://www.hwu.edu.tw,[2]技職
112,1075,文藻外語大學,私立,[55]高雄市,[807]高雄市三民區民族一路900號,(07)3426031,http://www.wzu.edu.tw,[2]技職
112,1076,華夏科技大學,私立,[01]新北市,[235]新北市中和區工專路111號,(02)89415100,http://www.hwh.edu.tw,[2]技職
112,1077,慈濟科技大學,私立,[15]花蓮縣,[970]花蓮縣花蓮市建國路二段880號,(03)8572158,http://www.tcust.edu.tw,[2]技職
112,1078,致理科技大學,私立,[01]新北市,[220]新北市板橋區文化路一段313號,(02)22576167,http://www.chihlee.edu.tw,[2]技職
112,1079,康寧大學,私立,[40]臺北市,[114]臺北市內湖區康寧路三段75巷137號,(02)26321181,http://www.ukn.edu.tw/,[1]一般
112,1080,宏國德霖科技大學,私立,[01]新北市,[236]新北市土城區青雲路380巷1號,(02)22733567,http://www.hdut.edu.tw/,[2]技職
112,1081,東方設計大學,私立,[12]高雄市,[829]高雄市湖內區東方路110號,(07)6932011,http://www.tf.edu.tw,[2]技職
112,1082,崇右影藝科技大學,私立,[17]基隆市,[201]基隆市信義區義七路40號,(02)24237785,http://www.cufa.edu.tw/,[2]技職
112,1083,台北海洋科技大學,私立,[01]新北市,[251]新北市淡水區濱海路三段150號,(02)28059999,http://www.tumt.edu.tw/app/home.php,[2]技職
112,1084,亞東科技大學,私立,[01]新北市,[220]新北市板橋區四川路二段58號,(02)77388000,https://www.aeust.edu.tw/,[2]技職
112,1125,中信金融管理學院,私立,[21]臺南市,[709]臺南市安南區台江大道三段600號,(06)2873335,https://www.ctbc.edu.tw/,[1]一般
112,1148,大漢技術學院,私立,[15]花蓮縣,[971]花蓮縣新城鄉大漢村樹人街1號,(03)8210888,http://www.dahan.edu.tw,[2]技職
112,1168,南亞技術學院,私立,[03]桃園市,[320]桃園市中壢區中山東路三段414號,(03)4361070,http://www.nanya.edu.tw/home.aspx,[2]技職
112,1183,黎明技術學院,私立,[01]新北市,[243]新北市泰山區泰林路三段22號,(02)29097811,http://www.lit.edu.tw,[2]技職
112,1185,德育護理健康學院,私立,[17]基隆市,[203]基隆市中山區復興路336號,(02)24372093,http://www.cku.edu.tw,[2]技職
112,1188,大同技術學院,私立,[20]嘉義市,[600]嘉義市東區彌陀路253號,(05)2223124,http://www.ttc.edu.tw,[2]技職
112,1195,馬偕醫學院,私立,[01]新北市,[252]新北市三芝區中正路三段46號,(02)26360303,http://www.mmc.edu.tw,[1]一般
112,1196,法鼓文理學院,私立,[01]新北市,[208]新北市金山區西湖里法鼓路700號,(02) 24980707,http://www.dila.edu.tw/,[1]一般
112,1282,馬偕醫護管理專科學校,私立,[42]臺北市,[112]臺北市北投區聖景路92號,(02)28584180,http://www.mkc.edu.tw,[2]技職
112,1283,仁德醫護管理專科學校,私立,[05]苗栗縣,[356]苗栗縣後龍鎮溪洲里7鄰砂崙湖79之9號,(037)728855,http://www.jente.edu.tw,[2]技職
112,1284,樹人醫護管理專科學校,私立,[12]高雄市,[821]高雄市路竹區環球路452號,(07)6979333,http://www.szmc.edu.tw,[2]技職
112,1285,慈惠醫護管理專科學校,私立,[13]屏東縣,[926]屏東縣南州鄉三民路367號,(08)8647367,http://www.tzuhui.edu.tw,[2]技職
112,1286,耕莘健康管理專科學校,私立,[01]新北市,[231]新北市新店區民族路112號,(02)22191131,http://www.ctcn.edu.tw,[2]技職
112,1287,敏惠醫護管理專科學校,私立,[11]臺南市,[736]臺南市柳營區中山東路二段1116號,(06)6226111,https://www.mhchcm.edu.tw/,[2]技職
112,1289,育英醫護管理專科學校,私立,[55]高雄市,[807]高雄市三民區大昌二路420巷15號,(07)3811765,http://www.yuhing.edu.tw/releaseRedirect.do?unitID=1&pageID=95,[2]技職
112,1291,聖母醫護管理專科學校,私立,[02]宜蘭縣,[266]宜蘭縣三星鄉三星路二段265巷100號,(03)9897396,http://www.smc.edu.tw/,[2]技職
112,1292,新生醫護管理專科學校,私立,[03]桃園市,[325]桃園市龍潭區中豐路高平段418號,(03)4117578,http://www.web.hsc.edu.tw/bin/home.php,[2]技職
112,1293,崇仁醫護管理專科學校,私立,[10]嘉義縣,[622]嘉義縣大林鎮湖北里大湖1之10號,(05)2658880,http://www.cjc.edu.tw,[2]技職
112,3002,臺北市立大學,公立,[35]臺北市,[100]臺北市中正區愛國西路1號,(02)23113040,http://www.uTaipei.edu.tw,[1]一般
113,0001,國立政治大學,公立,[38]臺北市,[116]臺北市文山區指南路二段64號,(02)29393091,http://www.nccu.edu.tw,[1]一般
113,0002,國立清華大學,公立,[18]新竹市,[300]新竹市東區光復路二段101號,(03)5715131,http://www.nthu.edu.tw,[1]一般
113,0003,國立臺灣大學,公立,[33]臺北市,[106]臺北市大安區羅斯福路四段1號,(02)33663366,http://www.ntu.edu.tw,[1]一般
113,0004,國立臺灣師範大學,公立,[33]臺北市,[106]臺北市大安區和平東路一段162號,(02)77491111,http://www.ntnu.edu.tw,[3]師範
113,0005,國立成功大學,公立,[21]臺南市,[701]臺南市東區大學路1號,(06)2757575,http://www.ncku.edu.tw,[1]一般
113,0006,國立中興大學,公立,[19]臺中市,[402]臺中市南區興大路145號,(04)22873181,http://www.nchu.edu.tw,[1]一般
113,0007,國立陽明交通大學,公立,[18]新竹市,[300]新竹市東區大學路1001號,(03)5712121,http://www.nycu.edu.tw,[1]一般
113,0008,國立中央大學,公立,[03]桃園市,[320]桃園市中壢區中大路300號,(03)4227151,http://www.ncu.edu.tw,[1]一般
113,0009,國立中山大學,公立,[52]高雄市,[804]高雄市鼓山區蓮海路70號,(07)5252000,http://www.nsysu.edu.tw,[1]一般
113,0012,國立臺灣海洋大學,公立,[17]基隆市,[202]基隆市中正區北寧路2號,(02)24622192,http://www.ntou.edu.tw,[1]一般
113,0013,國立中正大學,公立,[10]嘉義縣,[621]嘉義縣民雄鄉三興村7鄰大學路一段168號,(05)2720411,http://www.ccu.edu.tw,[1]一般
113,0014,國立高雄師範大學,公立,[58]高雄市,[802]高雄市苓雅區和平一路116號,(07)7172930,http://www.nknu.edu.tw,[3]師範
113,0015,國立彰化師範大學,公立,[07]彰化縣,[500]彰化縣彰化市進德路1號,(04)7232105,http://www.ncue.edu.tw,[3]師範
113,0017,國立臺北大學,公立,[01]新北市,[237]新北市三峽區大學路151號,(02)86741111,http://new.ntpu.edu.tw/,[1]一般
113,0018,國立嘉義大學,公立,[20]嘉義市,[600]嘉義市東區鹿寮里學府路300號,(05)2717000,http://www.ncyu.edu.tw,[1]一般
113,0019,國立高雄大學,公立,[54]高雄市,[811]高雄市楠梓區高雄大學路700號,(07)5919000,http://www.nuk.edu.tw,[1]一般
113,0020,國立東華大學,公立,[15]花蓮縣,[974]花蓮縣壽豐鄉志學村大學路二段1號,(03)8903000,http://www.ndhu.edu.tw,[1]一般
113,0021,國立暨南國際大學,公立,[08]南投縣,[545]南投縣埔里鎮大學路1號,(049)2910960#2996,http://www.ncnu.edu.tw,[1]一般
113,0022,國立臺灣科技大學,公立,[33]臺北市,[106]臺北市大安區基隆路四段43號,(02)27333141,http://www.ntust.edu.tw,[2]技職
113,0023,國立雲林科技大學,公立,[09]雲林縣,[640]雲林縣斗六市大學路三段123號,(05)5342601,http://www.yuntech.edu.tw,[2]技職
113,0024,國立屏東科技大學,公立,[13]屏東縣,[912]屏東縣內埔鄉老埤村學府路1號,(08)7703202,http://www.npust.edu.tw,[2]技職
113,0025,國立臺北科技大學,公立,[33]臺北市,[106]臺北市大安區忠孝東路三段1號,(02)27712171,http://www.ntut.edu.tw,[2]技職
113,0028,國立臺北藝術大學,公立,[42]臺北市,[112]臺北市北投區學園路1號,(02)28961000,http://www.tnua.edu.tw,[1]一般
113,0029,國立臺灣藝術大學,公立,[01]新北市,[220]新北市板橋區大觀路一段59號,(02)22722181,http://www.ntua.edu.tw,[1]一般
113,0030,國立臺東大學,公立,[14]臺東縣,[950]臺東縣臺東市大學路二段369號,(089)318855,http://www.nttu.edu.tw,[1]一般
113,0031,國立宜蘭大學,公立,[02]宜蘭縣,[260]宜蘭縣宜蘭市神農路一段1號,(03)9357400,http://www.niu.edu.tw,[1]一般
113,0032,國立聯合大學,公立,[05]苗栗縣,[360]苗栗縣苗栗市恭敬里聯大1號,(037)381000,http://www.nuu.edu.tw,[1]一般
113,0033,國立虎尾科技大學,公立,[09]雲林縣,[632]雲林縣虎尾鎮文化路64號,(05)6315000,http://www.nfu.edu.tw,[2]技職
113,0035,國立臺南藝術大學,公立,[11]臺南市,[720]臺南市官田區大崎里大崎66號,(06)6930100,http://www.tnnua.edu.tw,[1]一般
113,0036,國立臺南大學,公立,[21]臺南市,[700]臺南市中西區樹林街二段33號,(06)2133111,http://web.nutn.edu.tw,[1]一般
113,0037,國立臺北教育大學,公立,[33]臺北市,[106]臺北市大安區和平東路二段134號,(02)27321104,http://www.ntue.edu.tw,[3]師範
113,0039,國立臺中教育大學,公立,[19]臺中市,[403]臺中市西區民生路140號,(04)22183199,http://www.ntcu.edu.tw,[3]師範
113,0042,國立澎湖科技大學,公立,[16]澎湖縣,[880]澎湖縣馬公市六合路300號,(06)9264115,http://www.npu.edu.tw,[2]技職
113,0043,國立勤益科技大學,公立,[06]臺中市,[411]臺中市太平區坪林里中山路二段57號,(04)23924505,http://www.ncut.edu.tw,[2]技職
113,0044,國立體育大學,公立,[03]桃園市,[333]桃園市龜山區文化一路250號,(03)3283201,http://www.ntsu.edu.tw,[1]一般
113,0046,國立臺北護理健康大學,公立,[42]臺北市,[112]臺北市北投區明德路365號,(02)28227101,http://www.ntunhs.edu.tw,[2]技職
113,0047,國立高雄餐旅大學,公立,[61]高雄市,[812]高雄市小港區松和路1號,(07)8060505,https://www.nkuht.edu.tw/p/403-1000-18.php,[2]技職
113,0048,國立金門大學,公立,[71]金門縣,[892]金門縣金寧鄉大學路1號,(082)313300,http://www.nqu.edu.tw/cht/index.php,[1]一般
113,0049,國立臺灣體育運動大學,公立,[19]臺中市,[404]臺中市北區雙十路一段16號,(04)22213108,https://www.ntus.edu.tw/cht/index.php,[1]一般
113,0050,國立臺中科技大學,公立,[19]臺中市,[404]臺中市北區三民路三段129號,(04)22195678,http://www.nutc.edu.tw/bin/home.php,[2]技職
113,0051,國立臺北商業大學,公立,[35]臺北市,[100]臺北市中正區濟南路一段321號,(02)33222777,http://www.ntub.edu.tw,[2]技職
113,0052,國立屏東大學,公立,[13]屏東縣,[900]屏東縣屏東市民生路4-18號,(08)7663800,http://www.nptu.edu.tw,[1]一般
113,0053,國立高雄科技大學,公立,[55]高雄市,[807]高雄市三民區建工路415號,(07)3814526,http://www.nkust.edu.tw,[2]技職
113,0144,國立臺灣戲曲學院,公立,[40]臺北市,[114]臺北市內湖區內湖路二段177號,(02)27962666,http://www.tcpa.edu.tw/,[2]技職
113,0221,國立臺南護理專科學校,公立,[21]臺南市,[700]臺南市中西區民族路二段78號,(06)2110600,http://www.ntin.edu.tw,[2]技職
113,0222,國立臺東專科學校,公立,[14]臺東縣,[950]臺東縣臺東市正氣北路889號,(089)226389,http://www.ntc.edu.tw,[2]技職
113,1001,東海大學,私立,[19]臺中市,[407]臺中市西屯區臺灣大道四段1727號,(04)23590121,https://www.thu.edu.tw/,[1]一般
113,1002,輔仁大學,私立,[01]新北市,[242]新北市新莊區中正路510號,(02)29052000,http://www.fju.edu.tw,[1]一般
113,1003,東吳大學,私立,[41]臺北市,[111]臺北市士林區臨溪路70號,(02)28819471,http://www.scu.edu.tw,[1]一般
113,1004,中原大學,私立,[03]桃園市,[320]桃園市中壢區中北路200號,(03)2659999,http://www.cycu.edu.tw,[1]一般
113,1005,淡江大學,私立,[01]新北市,[251]新北市淡水區英專路151號,(02)26215656,http://www.tku.edu.tw,[1]一般
113,1006,中國文化大學,私立,[41]臺北市,[111]臺北市士林區華岡路55號,(02)28610511,http://www.pccu.edu.tw,[1]一般
113,1007,逢甲大學,私立,[19]臺中市,[407]臺中市西屯區文華路100號,(04)24517250,http://www.fcu.edu.tw,[1]一般
113,1008,靜宜大學,私立,[06]臺中市,[433]臺中市沙鹿區臺灣大道七段200號,(04)26328001,http://www.pu.edu.tw,[1]一般
113,1009,長庚大學,私立,[03]桃園市,[333]桃園市龜山區文化一路259號,(03)2118800,http://www.cgu.edu.tw,[1]一般
113,1010,元智大學,私立,[03]桃園市,[320]桃園市中壢區遠東路135號,(03)4638800,http://www.yzu.edu.tw,[1]一般
113,1011,中華大學,私立,[18]新竹市,[300]新竹市香山區東香里五福路二段707號,(03)5374281~5,http://www.chu.edu.tw,[1]一般
113,1012,大葉大學,私立,[07]彰化縣,[515]彰化縣大村鄉學府路168號,(04)8511888,http://www.dyu.edu.tw,[1]一般
113,1013,華梵大學,私立,[01]新北市,[223]新北市石碇區華梵路1號,(02)26632102,http://www.hfu.edu.tw,[1]一般
113,1014,義守大學,私立,[12]高雄市,[840]高雄市大樹區三和里學城路一段1號,(07)6577711,http://www.isu.edu.tw,[1]一般
113,1015,世新大學,私立,[38]臺北市,[116]臺北市文山區木柵路一段17巷1號,(02)22368225,http://www.shu.edu.tw,[1]一般
113,1016,銘傳大學,私立,[41]臺北市,[111]臺北市士林區中山北路五段250號,(02)28824564,http://www.mcu.edu.tw,[1]一般
113,1017,實踐大學,私立,[34]臺北市,[104]臺北市中山區大直街70號,(02)25381111,https://www.usc.edu.tw/,[1]一般
113,1018,朝陽科技大學,私立,[06]臺中市,[413]臺中市霧峰區吉峰東路168號,(04)23323000,http://www.cyut.edu.tw,[2]技職
113,1019,高雄醫學大學,私立,[55]高雄市,[807]高雄市三民區十全一路100號,(07)3121101,http://www2.kmu.edu.tw,[1]一般
113,1020,南華大學,私立,[10]嘉義縣,[622]嘉義縣大林鎮南華路一段55號,(05)3102100,http://www.nhu.edu.tw,[1]一般
113,1021,真理大學,私立,[01]新北市,[251]新北市淡水區真理街32號,(02)26212121,http://www.au.edu.tw,[1]一般
113,1022,大同大學,私立,[34]臺北市,[104]臺北市中山區中山北路三段40號,(02)21822928,http://www.ttu.edu.tw,[1]一般
113,1023,南臺科技大學,私立,[11]臺南市,[710]臺南市永康區尚頂里南臺街1號,(06)2533131,http://www.stust.edu.tw,[2]技職
113,1024,崑山科技大學,私立,[11]臺南市,[710]臺南市永康區崑大路195號,(06)2727175,http://www.ksu.edu.tw,[2]技職
113,1025,嘉南藥理大學,私立,[11]臺南市,[717]臺南市仁德區二仁路一段60號,(06)2664911,http://www.cnu.edu.tw,[2]技職
113,1026,樹德科技大學,私立,[12]高雄市,[824]高雄市燕巢區橫山路59號,(07)6158000,http://www.stu.edu.tw,[2]技職
113,1027,慈濟大學,私立,[15]花蓮縣,[970]花蓮縣花蓮市中央路三段701號,(03)8565301,http://www.tcu.edu.tw,[1]一般
113,1028,臺北醫學大學,私立,[32]臺北市,[110]臺北市信義區吳興街250號,(02)27361661,http://www.tmu.edu.tw,[1]一般
113,1029,中山醫學大學,私立,[19]臺中市,[402]臺中市南區建國北路一段110號,(04)24730022,http://www.csmu.edu.tw,[1]一般
113,1030,龍華科技大學,私立,[03]桃園市,[333]桃園市龜山區萬壽路一段300號,(02)82093211,http://www.lhu.edu.tw/,[2]技職
113,1031,輔英科技大學,私立,[12]高雄市,[831]高雄市大寮區進學路151號,(07)7811151,https://www.fy.edu.tw/,[2]技職
113,1032,明新科技大學,私立,[04]新竹縣,[304]新竹縣新豐鄉新興路1號,(03)5593142,http://www.must.edu.tw,[2]技職
113,1033,長榮大學,私立,[11]臺南市,[711]臺南市歸仁區長大路1號,(06)2785123,http://www.cjcu.edu.tw,[1]一般
113,1034,弘光科技大學,私立,[06]臺中市,[433]臺中市沙鹿區臺灣大道六段1018號,(04)26318652,http://www.hk.edu.tw,[2]技職
113,1035,中國醫藥大學,私立,[19]臺中市,[406]臺中市北屯區經貿路一段100號,(04)22053366,http://www.cmu.edu.tw,[1]一般
113,1036,健行科技大學,私立,[03]桃園市,[320]桃園市中壢區健行路229號,(03)4581196,http://www.uch.edu.tw,[2]技職
113,1037,正修科技大學,私立,[12]高雄市,[833]高雄市鳥松區澄清路840號,(07)7358800,http://www.csu.edu.tw/wSite/mp?mp=10001,[2]技職
113,1038,萬能科技大學,私立,[03]桃園市,[320]桃園市中壢區萬能路1號,(03)4515811,http://www.vnu.edu.tw/,[2]技職
113,1039,玄奘大學,私立,[18]新竹市,[300]新竹市香山區東香里玄奘路48號,(03)5302255,http://www.hcu.edu.tw,[1]一般
113,1040,建國科技大學,私立,[07]彰化縣,[500]彰化縣彰化市介壽北路1號,(04)7111111,http://www.ctu.edu.tw,[2]技職
113,1041,明志科技大學,私立,[01]新北市,[243]新北市泰山區貴子里工專路84號,(02)29089899,http://www.mcut.edu.tw/,[2]技職
113,1042,台鋼科技大學,私立,[12]高雄市,[821]高雄市路竹區中山路1821號,(07)6077777,http://www.kyu.edu.tw,[2]技職
113,1043,大仁科技大學,私立,[13]屏東縣,[907]屏東縣鹽埔鄉新二村維新路20號,(08)7624002~5,http://www.tajen.edu.tw,[2]技職
113,1044,聖約翰科技大學,私立,[01]新北市,[251]新北市淡水區淡金路四段499號,(02)28013131#7011,https://www.sju.edu.tw/,[2]技職
113,1045,嶺東科技大學,私立,[19]臺中市,[408]臺中市南屯區嶺東路1號,(04)23892088,http://www.ltu.edu.tw,[2]技職
113,1046,中國科技大學,私立,[38]臺北市,[116]臺北市文山區興隆路三段56號,(02)29313416,http://www.cute.edu.tw/,[2]技職
113,1047,中臺科技大學,私立,[19]臺中市,[406]臺中市北屯區廍子路666號,(04)22391647,http://www.ctust.edu.tw,[2]技職
113,1048,亞洲大學,私立,[06]臺中市,[413]臺中市霧峰區柳豐路500號,(04)23323456,http://www.asia.edu.tw,[1]一般
113,1049,開南大學,私立,[03]桃園市,[338]桃園市蘆竹區開南路1號,(03)3412500,http://www.knu.edu.tw,[1]一般
113,1050,佛光大學,私立,[02]宜蘭縣,[262]宜蘭縣礁溪鄉林美村林尾路160號,(03)9871000,http://www.fgu.edu.tw,[1]一般
113,1051,台南應用科技大學,私立,[11]臺南市,[710]臺南市永康區中正路529號,(06)2532106,http://www.tut.edu.tw/,[2]技職
113,1052,中信科技大學,私立,[11]臺南市,[744]臺南市新市區中華路49號,(06)5979566,http://www.feu.edu.tw,[2]技職
113,1053,元培醫事科技大學,私立,[18]新竹市,[300]新竹市香山區元培街306號,(03)5381183,http://www.ypu.edu.tw/,[2]技職
113,1054,景文科技大學,私立,[01]新北市,[231]新北市新店區安忠路99號,(02)82122000,http://www.just.edu.tw/,[2]技職
113,1055,中華醫事科技大學,私立,[11]臺南市,[717]臺南市仁德區文華一街89號,(06)2674567,http://www.hwai.edu.tw,[2]技職
113,1056,東南科技大學,私立,[01]新北市,[222]新北市深坑區北深路三段152號,(02)86625900,http://www.tnu.edu.tw/,[2]技職
113,1057,德明財經科技大學,私立,[40]臺北市,[114]臺北市內湖區環山路一段56號,(02)26585801,http://www.takming.edu.tw,[2]技職
113,1060,南開科技大學,私立,[08]南投縣,[542]南投縣草屯鎮中正路568號,(049)2563489,http://www.nkut.edu.tw,[2]技職
113,1061,中華科技大學,私立,[39]臺北市,[115]臺北市南港區研究院路三段245號,(02)27821862~4,http://www.cust.edu.tw/www/cust.html,[2]技職
113,1062,僑光科技大學,私立,[19]臺中市,[407]臺中市西屯區僑光路100號,(04)27016855,http://www.ocu.edu.tw,[2]技職
113,1063,育達科技大學,私立,[05]苗栗縣,[361]苗栗縣造橋鄉談文村學府路168號,(037)651188,http://www.ydu.edu.tw,[2]技職
113,1064,美和科技大學,私立,[13]屏東縣,[912]屏東縣內埔鄉美和村屏光路23號,(08)7799821,https://www.meiho.edu.tw/,[2]技職
113,1065,吳鳳科技大學,私立,[10]嘉義縣,[621]嘉義縣民雄鄉建國路二段117號,(05)2267125,http://www.wfu.edu.tw/,[2]技職
113,1069,修平科技大學,私立,[06]臺中市,[412]臺中市大里區工業路11號,(04)24961100,http://www.hust.edu.tw/,[2]技職
113,1070,長庚科技大學,私立,[03]桃園市,[333]桃園市龜山區文化一路261號,(03)2118999,http://www.cgust.edu.tw,[2]技職
113,1071,臺北城市科技大學,私立,[42]臺北市,[112]臺北市北投區學園路2號,(02)28927154,https://www.tpcu.edu.tw/,[2]技職
113,1072,敏實科技大學,私立,[04]新竹縣,[307]新竹縣芎林鄉大華路1號,(03)5927700,https://www.mitust.edu.tw/,[2]技職
113,1073,醒吾科技大學,私立,[01]新北市,[244]新北市林口區粉寮路一段101號,(02)26015310,http://www.hwu.edu.tw,[2]技職
113,1075,文藻外語大學,私立,[55]高雄市,[807]高雄市三民區民族一路900號,(07)3426031,http://www.wzu.edu.tw,[2]技職
113,1076,華夏科技大學,私立,[01]新北市,[235]新北市中和區工專路111號,(02)89415100,http://www.hwh.edu.tw,[2]技職
113,1078,致理科技大學,私立,[01]新北市,[220]新北市板橋區文化路一段313號,(02)22576167,http://www.chihlee.edu.tw,[2]技職
113,1079,康寧大學,私立,[40]臺北市,[114]臺北市內湖區康寧路三段75巷137號,(02)26321181,http://www.ukn.edu.tw/,[1]一般
113,1080,宏國德霖科技大學,私立,[01]新北市,[236]新北市土城區青雲路380巷1號,(02)22733567,http://www.hdut.edu.tw/,[2]技職
113,1082,崇右影藝科技大學,私立,[17]基隆市,[201]基隆市信義區義七路40號,(02)24237785,http://www.cufa.edu.tw/,[2]技職
113,1083,台北海洋科技大學,私立,[01]新北市,[251]新北市淡水區濱海路三段150號,(02)28059999,http://www.tumt.edu.tw/app/home.php,[2]技職
113,1084,亞東科技大學,私立,[01]新北市,[220]新北市板橋區四川路二段58號,(02)77388000,https://www.aeust.edu.tw/,[2]技職
113,1125,中信金融管理學院,私立,[21]臺南市,[709]臺南市安南區台江大道三段600號,(06)2873335,https://www.ctbc.edu.tw/,[1]一般
113,1148,大漢技術學院,私立,[15]花蓮縣,[971]花蓮縣新城鄉大漢村樹人街1號,(03)8210888,http://www.dahan.edu.tw,[2]技職
113,1168,南亞技術學院,私立,[03]桃園市,[320]桃園市中壢區中山東路三段414號,(03)4361070,http://www.nanya.edu.tw/home.aspx,[2]技職
113,1183,黎明技術學院,私立,[01]新北市,[243]新北市泰山區泰林路三段22號,(02)29097811,http://www.lit.edu.tw,[2]技職
113,1185,德育護理健康學院,私立,[17]基隆市,[203]基隆市中山區復興路336號,(02)24372093,http://www.cku.edu.tw,[2]技職
113,1195,馬偕醫學院,私立,[01]新北市,[252]新北市三芝區中正路三段46號,(02)26360303,http://www.mmc.edu.tw,[1]一般
113,1196,法鼓文理學院,私立,[01]新北市,[208]新北市金山區西湖里法鼓路700號,(02) 24980707,http://www.dila.edu.tw/,[1]一般
113,1282,馬偕醫護管理專科學校,私立,[42]臺北市,[112]臺北市北投區聖景路92號,(02)28584180,http://www.mkc.edu.tw,[2]技職
113,1283,仁德醫護管理專科學校,私立,[05]苗栗縣,[356]苗栗縣後龍鎮溪洲里7鄰砂崙湖79之9號,(037)728855,http://www.jente.edu.tw,[2]技職
113,1284,樹人醫護管理專科學校,私立,[12]高雄市,[821]高雄市路竹區環球路452號,(07)6979333,http://www.szmc.edu.tw,[2]技職
113,1285,慈惠醫護管理專科學校,私立,[13]屏東縣,[926]屏東縣南州鄉三民路367號,(08)8647367,http://www.tzuhui.edu.tw,[2]技職
113,1286,耕莘健康管理專科學校,私立,[01]新北市,[231]新北市新店區民族路112號,(02)22191131,http://www.ctcn.edu.tw,[2]技職
113,1287,敏惠醫護管理專科學校,私立,[11]臺南市,[736]臺南市柳營區中山東路二段1116號,(06)6226111,https://www.mhchcm.edu.tw/,[2]技職
113,1289,育英醫護管理專科學校,私立,[55]高雄市,[807]高雄市三民區大昌二路420巷15號,(07)3811765,http://www.yuhing.edu.tw/releaseRedirect.do?unitID=1&pageID=95,[2]技職
113,1291,聖母醫護管理專科學校,私立,[02]宜蘭縣,[266]宜蘭縣三星鄉三星路二段265巷100號,(03)9897396,http://www.smc.edu.tw/,[2]技職
113,1292,新生醫護管理專科學校,私立,[03]桃園市,[325]桃園市龍潭區中豐路高平段418號,(03)4117578,http://www.web.hsc.edu.tw/bin/home.php,[2]技職
113,1293,崇仁醫護管理專科學校,私立,[10]嘉義縣,[622]嘉義縣大林鎮湖北里大湖1之10號,(05)2658880,http://www.cjc.edu.tw,[2]技職
113,3002,臺北市立大學,公立,[35]臺北市,[100]臺北市中正區愛國西路1號,(02)23113040,http://www.uTaipei.edu.tw,[1]一般
114,0001,國立政治大學,公立,[38]臺北市,[116]臺北市文山區指南路二段64號,(02)29393091,http://www.nccu.edu.tw,[1]一般
114,0002,國立清華大學,公立,[18]新竹市,[300]新竹市東區光復路二段101號,(03)5715131,http://www.nthu.edu.tw,[1]一般
114,0003,國立臺灣大學,公立,[33]臺北市,[106]臺北市大安區羅斯福路四段1號,(02)33663366,http://www.ntu.edu.tw,[1]一般
114,0004,國立臺灣師範大學,公立,[33]臺北市,[106]臺北市大安區和平東路一段162號,(02)77491111,http://www.ntnu.edu.tw,[3]師範
114,0005,國立成功大學,公立,[21]臺南市,[701]臺南市東區大學路1號,(06)2757575,http://www.ncku.edu.tw,[1]一般
114,0006,國立中興大學,公立,[19]臺中市,[402]臺中市南區興大路145號,(04)22873181,http://www.nchu.edu.tw,[1]一般
114,0007,國立陽明交通大學,公立,[18]新竹市,[300]新竹市東區大學路1001號,(03)5712121,http://www.nycu.edu.tw,[1]一般
114,0008,國立中央大學,公立,[03]桃園市,[320]桃園市中壢區中大路300號,(03)4227151,http://www.ncu.edu.tw,[1]一般
114,0009,國立中山大學,公立,[52]高雄市,[804]高雄市鼓山區蓮海路70號,(07)5252000,http://www.nsysu.edu.tw,[1]一般
114,0012,國立臺灣海洋大學,公立,[17]基隆市,[202]基隆市中正區北寧路2號,(02)24622192,http://www.ntou.edu.tw,[1]一般
114,0013,國立中正大學,公立,[10]嘉義縣,[621]嘉義縣民雄鄉三興村7鄰大學路一段168號,(05)2720411,http://www.ccu.edu.tw,[1]一般
114,0014,國立高雄師範大學,公立,[58]高雄市,[802]高雄市苓雅區和平一路116號,(07)7172930,http://www.nknu.edu.tw,[3]師範
114,0015,國立彰化師範大學,公立,[07]彰化縣,[500]彰化縣彰化市進德路1號,(04)7232105,http://www.ncue.edu.tw,[3]師範
114,0017,國立臺北大學,公立,[01]新北市,[237]新北市三峽區大學路151號,(02)86741111,http://new.ntpu.edu.tw/,[1]一般
114,0018,國立嘉義大學,公立,[20]嘉義市,[600]嘉義市東區鹿寮里學府路300號,(05)2717000,http://www.ncyu.edu.tw,[1]一般
114,0019,國立高雄大學,公立,[54]高雄市,[811]高雄市楠梓區高雄大學路700號,(07)5919000,http://www.nuk.edu.tw,[1]一般
114,0020,國立東華大學,公立,[15]花蓮縣,[974]花蓮縣壽豐鄉志學村大學路二段1號,(03)8903000,http://www.ndhu.edu.tw,[1]一般
114,0021,國立暨南國際大學,公立,[08]南投縣,[545]南投縣埔里鎮大學路1號,(049)2910960#2996,http://www.ncnu.edu.tw,[1]一般
114,0022,國立臺灣科技大學,公立,[33]臺北市,[106]臺北市大安區基隆路四段43號,(02)27333141,http://www.ntust.edu.tw,[2]技職
114,0023,國立雲林科技大學,公立,[09]雲林縣,[640]雲林縣斗六市大學路三段123號,(05)5342601,http://www.yuntech.edu.tw,[2]技職
114,0024,國立屏東科技大學,公立,[13]屏東縣,[912]屏東縣內埔鄉老埤村學府路1號,(08)7703202,http://www.npust.edu.tw,[2]技職
114,0025,國立臺北科技大學,公立,[33]臺北市,[106]臺北市大安區忠孝東路三段1號,(02)27712171,http://www.ntut.edu.tw,[2]技職
114,0028,國立臺北藝術大學,公立,[42]臺北市,[112]臺北市北投區學園路1號,(02)28961000,http://www.tnua.edu.tw,[1]一般
114,0029,國立臺灣藝術大學,公立,[01]新北市,[220]新北市板橋區大觀路一段59號,(02)22722181,http://www.ntua.edu.tw,[1]一般
114,0030,國立臺東大學,公立,[14]臺東縣,[950]臺東縣臺東市大學路二段369號,(089)318855,http://www.nttu.edu.tw,[1]一般
114,0031,國立宜蘭大學,公立,[02]宜蘭縣,[260]宜蘭縣宜蘭市神農路一段1號,(03)9357400,http://www.niu.edu.tw,[1]一般
114,0032,國立聯合大學,公立,[05]苗栗縣,[360]苗栗縣苗栗市恭敬里聯大1號,(037)381000,http://www.nuu.edu.tw,[1]一般
114,0033,國立虎尾科技大學,公立,[09]雲林縣,[632]雲林縣虎尾鎮文化路64號,(05)6315000,http://www.nfu.edu.tw,[2]技職
114,0035,國立臺南藝術大學,公立,[11]臺南市,[720]臺南市官田區大崎里大崎66號,(06)6930100,http://www.tnnua.edu.tw,[1]一般
114,0036,國立臺南大學,公立,[21]臺南市,[700]臺南市中西區樹林街二段33號,(06)2133111,http://web.nutn.edu.tw,[1]一般
114,0037,國立臺北教育大學,公立,[33]臺北市,[106]臺北市大安區和平東路二段134號,(02)27321104,http://www.ntue.edu.tw,[3]師範
114,0039,國立臺中教育大學,公立,[19]臺中市,[403]臺中市西區民生路140號,(04)22183199,http://www.ntcu.edu.tw,[3]師範
114,0042,國立澎湖科技大學,公立,[16]澎湖縣,[880]澎湖縣馬公市六合路300號,(06)9264115,http://www.npu.edu.tw,[2]技職
114,0043,國立勤益科技大學,公立,[06]臺中市,[411]臺中市太平區坪林里中山路二段57號,(04)23924505,http://www.ncut.edu.tw,[2]技職
114,0044,國立體育大學,公立,[03]桃園市,[333]桃園市龜山區文化一路250號,(03)3283201,http://www.ntsu.edu.tw,[1]一般
114,0046,國立臺北護理健康大學,公立,[42]臺北市,[112]臺北市北投區明德路365號,(02)28227101,http://www.ntunhs.edu.tw,[2]技職
114,0047,國立高雄餐旅大學,公立,[61]高雄市,[812]高雄市小港區松和路1號,(07)8060505,https://www.nkuht.edu.tw/p/403-1000-18.php,[2]技職
114,0048,國立金門大學,公立,[71]金門縣,[892]金門縣金寧鄉大學路1號,(082)313300,http://www.nqu.edu.tw/cht/index.php,[1]一般
114,0049,國立臺灣體育運動大學,公立,[19]臺中市,[404]臺中市北區雙十路一段16號,(04)22213108,https://www.ntus.edu.tw/cht/index.php,[1]一般
114,0050,國立臺中科技大學,公立,[19]臺中市,[404]臺中市北區三民路三段129號,(04)22195678,http://www.nutc.edu.tw/bin/home.php,[2]技職
114,0051,國立臺北商業大學,公立,[35]臺北市,[100]臺北市中正區濟南路一段321號,(02)33222777,http://www.ntub.edu.tw,[2]技職
114,0052,國立屏東大學,公立,[13]屏東縣,[900]屏東縣屏東市民生路4-18號,(08)7663800,http://www.nptu.edu.tw,[1]一般
114,0053,國立高雄科技大學,公立,[55]高雄市,[807]高雄市三民區建工路415號,(07)3814526,http://www.nkust.edu.tw,[2]技職
114,0144,國立臺灣戲曲學院,公立,[40]臺北市,[114]臺北市內湖區內湖路二段177號,(02)27962666,http://www.tcpa.edu.tw/,[2]技職
114,0221,國立臺南護理專科學校,公立,[21]臺南市,[700]臺南市中西區民族路二段78號,(06)2110600,http://www.ntin.edu.tw,[2]技職
114,0222,國立臺東專科學校,公立,[14]臺東縣,[950]臺東縣臺東市正氣北路911號,(089)226389,http://www.ntc.edu.tw,[2]技職
114,1001,東海大學,私立,[19]臺中市,[407]臺中市西屯區臺灣大道四段1727號,(04)23590121,https://www.thu.edu.tw/,[1]一般
114,1002,輔仁大學,私立,[01]新北市,[242]新北市新莊區中正路510號,(02)29052000,http://www.fju.edu.tw,[1]一般
114,1003,東吳大學,私立,[41]臺北市,[111]臺北市士林區臨溪路70號,(02)28819471,http://www.scu.edu.tw,[1]一般
114,1004,中原大學,私立,[03]桃園市,[320]桃園市中壢區中北路200號,(03)2659999,http://www.cycu.edu.tw,[1]一般
114,1005,淡江大學,私立,[01]新北市,[251]新北市淡水區英專路151號,(02)26215656,http://www.tku.edu.tw,[1]一般
114,1006,中國文化大學,私立,[41]臺北市,[111]臺北市士林區華岡路55號,(02)28610511,http://www.pccu.edu.tw,[1]一般
114,1007,逢甲大學,私立,[19]臺中市,[407]臺中市西屯區文華路100號,(04)24517250,http://www.fcu.edu.tw,[1]一般
114,1008,靜宜大學,私立,[06]臺中市,[433]臺中市沙鹿區臺灣大道七段200號,(04)26328001,http://www.pu.edu.tw,[1]一般
114,1009,長庚大學,私立,[03]桃園市,[333]桃園市龜山區文化一路259號,(03)2118800,http://www.cgu.edu.tw,[1]一般
114,1010,元智大學,私立,[03]桃園市,[320]桃園市中壢區遠東路135號,(03)4638800,http://www.yzu.edu.tw,[1]一般
114,1011,中華大學,私立,[18]新竹市,[300]新竹市香山區東香里五福路二段707號,(03)5374281~5,http://www.chu.edu.tw,[1]一般
114,1012,大葉大學,私立,[07]彰化縣,[515]彰化縣大村鄉學府路168號,(04)8511888,http://www.dyu.edu.tw,[1]一般
114,1013,華梵大學,私立,[01]新北市,[223]新北市石碇區華梵路1號,(02)26632102,http://www.hfu.edu.tw,[1]一般
114,1014,義守大學,私立,[12]高雄市,[840]高雄市大樹區三和里學城路一段1號,(07)6577711,http://www.isu.edu.tw,[1]一般
114,1015,世新大學,私立,[38]臺北市,[116]臺北市文山區木柵路一段17巷1號,(02)22368225,http://www.shu.edu.tw,[1]一般
114,1016,銘傳大學,私立,[41]臺北市,[111]臺北市士林區中山北路五段250號,(02)28824564,http://www.mcu.edu.tw,[1]一般
114,1017,實踐大學,私立,[34]臺北市,[104]臺北市中山區大直街70號,(02)25381111,https://www.usc.edu.tw/,[1]一般
114,1018,朝陽科技大學,私立,[06]臺中市,[413]臺中市霧峰區吉峰東路168號,(04)23323000,http://www.cyut.edu.tw,[2]技職
114,1019,高雄醫學大學,私立,[55]高雄市,[807]高雄市三民區十全一路100號,(07)3121101,http://www2.kmu.edu.tw,[1]一般
114,1020,南華大學,私立,[10]嘉義縣,[622]嘉義縣大林鎮南華路一段55號,(05)3102100,http://www.nhu.edu.tw,[1]一般
114,1021,真理大學,私立,[01]新北市,[251]新北市淡水區真理街32號,(02)26212121,http://www.au.edu.tw,[1]一般
114,1022,大同大學,私立,[34]臺北市,[104]臺北市中山區中山北路三段40號,(02)21822928,http://www.ttu.edu.tw,[1]一般
114,1023,南臺科技大學,私立,[11]臺南市,[710]臺南市永康區尚頂里南臺街1號,(06)2533131,http://www.stust.edu.tw,[2]技職
114,1024,崑山科技大學,私立,[11]臺南市,[710]臺南市永康區崑大路195號,(06)2727175,http://www.ksu.edu.tw,[2]技職
114,1025,嘉南藥理大學,私立,[11]臺南市,[717]臺南市仁德區二仁路一段60號,(06)2664911,http://www.cnu.edu.tw,[2]技職
114,1026,樹德科技大學,私立,[12]高雄市,[824]高雄市燕巢區橫山路59號,(07)6158000,http://www.stu.edu.tw,[2]技職
114,1027,慈濟大學,私立,[15]花蓮縣,[970]花蓮縣花蓮市中央路三段701號,(03)8565301,http://www.tcu.edu.tw,[1]一般
114,1028,臺北醫學大學,私立,[32]臺北市,[110]臺北市信義區吳興街250號,(02)27361661,http://www.tmu.edu.tw,[1]一般
114,1029,中山醫學大學,私立,[19]臺中市,[402]臺中市南區建國北路一段110號,(04)24730022,http://www.csmu.edu.tw,[1]一般
114,1030,龍華科技大學,私立,[03]桃園市,[333]桃園市龜山區萬壽路一段300號,(02)82093211,http://www.lhu.edu.tw/,[2]技職
114,1031,輔英科技大學,私立,[12]高雄市,[831]高雄市大寮區進學路151號,(07)7811151,https://www.fy.edu.tw/,[2]技職
114,1032,明新科技大學,私立,[04]新竹縣,[304]新竹縣新豐鄉新興路1號,(03)5593142,http://www.must.edu.tw,[2]技職
114,1033,長榮大學,私立,[11]臺南市,[711]臺南市歸仁區長大路1號,(06)2785123,http://www.cjcu.edu.tw,[1]一般
114,1034,弘光科技大學,私立,[06]臺中市,[433]臺中市沙鹿區臺灣大道六段1018號,(04)26318652,http://www.hk.edu.tw,[2]技職
114,1035,中國醫藥大學,私立,[19]臺中市,[406]臺中市北屯區經貿路一段100號,(04)22053366,http://www.cmu.edu.tw,[1]一般
114,1036,健行科技大學,私立,[03]桃園市,[320]桃園市中壢區健行路229號,(03)4581196,http://www.uch.edu.tw,[2]技職
114,1037,正修科技大學,私立,[12]高雄市,[833]高雄市鳥松區澄清路840號,(07)7358800,http://www.csu.edu.tw/wSite/mp?mp=10001,[2]技職
114,1038,萬能科技大學,私立,[03]桃園市,[320]桃園市中壢區萬能路1號,(03)4515811,http://www.vnu.edu.tw/,[2]技職
114,1039,玄奘大學,私立,[18]新竹市,[300]新竹市香山區東香里玄奘路48號,(03)5302255,http://www.hcu.edu.tw,[1]一般
114,1040,建國科技大學,私立,[07]彰化縣,[500]彰化縣彰化市介壽北路1號,(04)7111111,http://www.ctu.edu.tw,[2]技職
114,1041,明志科技大學,私立,[01]新北市,[243]新北市泰山區貴子里工專路84號,(02)29089899,http://www.mcut.edu.tw/,[2]技職
114,1042,台鋼科技大學,私立,[12]高雄市,[821]高雄市路竹區中山路1821號,(07)6077777,http://www.kyu.edu.tw,[2]技職
114,1043,大仁科技大學,私立,[13]屏東縣,[907]屏東縣鹽埔鄉新二村維新路20號,(08)7624002~5,http://www.tajen.edu.tw,[2]技職
114,1044,聖約翰科技大學,私立,[01]新北市,[251]新北市淡水區淡金路四段499號,(02)28013131#7011,https://www.sju.edu.tw/,[2]技職
114,1045,嶺東科技大學,私立,[19]臺中市,[408]臺中市南屯區嶺東路1號,(04)23892088,http://www.ltu.edu.tw,[2]技職
114,1046,中國科技大學,私立,[38]臺北市,[116]臺北市文山區興隆路三段56號,(02)29313416,http://www.cute.edu.tw/,[2]技職
114,1047,中臺科技大學,私立,[19]臺中市,[406]臺中市北屯區廍子路666號,(04)22391647,http://www.ctust.edu.tw,[2]技職
114,1048,亞洲大學,私立,[06]臺中市,[413]臺中市霧峰區柳豐路500號,(04)23323456,http://www.asia.edu.tw,[1]一般
114,1049,開南大學,私立,[03]桃園市,[338]桃園市蘆竹區開南路1號,(03)3412500,http://www.knu.edu.tw,[1]一般
114,1050,佛光大學,私立,[02]宜蘭縣,[262]宜蘭縣礁溪鄉林美村林尾路160號,(03)9871000,http://www.fgu.edu.tw,[1]一般
114,1051,台南應用科技大學,私立,[11]臺南市,[710]臺南市永康區中正路529號,(06)2532106,http://www.tut.edu.tw/,[2]技職
114,1052,中信科技大學,私立,[11]臺南市,[744]臺南市新市區中華路49號,(06)5979566,http://www.feu.edu.tw,[2]技職
114,1053,元培醫事科技大學,私立,[18]新竹市,[300]新竹市香山區元培街306號,(03)5381183,http://www.ypu.edu.tw/,[2]技職
114,1054,景文科技大學,私立,[01]新北市,[231]新北市新店區安忠路99號,(02)82122000,http://www.just.edu.tw/,[2]技職
114,1055,中華醫事科技大學,私立,[11]臺南市,[717]臺南市仁德區文華一街89號,(06)2674567,http://www.hwai.edu.tw,[2]技職
114,1056,東南科技大學,私立,[01]新北市,[222]新北市深坑區北深路三段152號,(02)86625900,http://www.tnu.edu.tw/,[2]技職
114,1057,德明財經科技大學,私立,[40]臺北市,[114]臺北市內湖區環山路一段56號,(02)26585801,http://www.takming.edu.tw,[2]技職
114,1060,南開科技大學,私立,[08]南投縣,[542]南投縣草屯鎮中正路568號,(049)2563489,http://www.nkut.edu.tw,[2]技職
114,1061,中華科技大學,私立,[39]臺北市,[115]臺北市南港區研究院路三段245號,(02)27821862~4,http://www.cust.edu.tw/www/cust.html,[2]技職
114,1062,僑光科技大學,私立,[19]臺中市,[407]臺中市西屯區僑光路100號,(04)27016855,http://www.ocu.edu.tw,[2]技職
114,1063,育達科技大學,私立,[05]苗栗縣,[361]苗栗縣造橋鄉談文村學府路168號,(037)651188,http://www.ydu.edu.tw,[2]技職
114,1064,美和科技大學,私立,[13]屏東縣,[912]屏東縣內埔鄉美和村屏光路23號,(08)7799821,https://www.meiho.edu.tw/,[2]技職
114,1065,吳鳳科技大學,私立,[10]嘉義縣,[621]嘉義縣民雄鄉建國路二段117號,(05)2267125,http://www.wfu.edu.tw/,[2]技職
114,1069,修平科技大學,私立,[06]臺中市,[412]臺中市大里區工業路11號,(04)24961100,http://www.hust.edu.tw/,[2]技職
114,1070,長庚科技大學,私立,[03]桃園市,[333]桃園市龜山區文化一路261號,(03)2118999,http://www.cgust.edu.tw,[2]技職
114,1071,臺北城市科技大學,私立,[42]臺北市,[112]臺北市北投區學園路2號,(02)28927154,https://www.tpcu.edu.tw/,[2]技職
114,1072,敏實科技大學,私立,[04]新竹縣,[307]新竹縣芎林鄉大華路1號,(03)5927700,https://www.mitust.edu.tw/,[2]技職
114,1073,醒吾科技大學,私立,[01]新北市,[244]新北市林口區粉寮路一段101號,(02)26015310,http://www.hwu.edu.tw,[2]技職
114,1075,文藻外語大學,私立,[55]高雄市,[807]高雄市三民區民族一路900號,(07)3426031,http://www.wzu.edu.tw,[2]技職
114,1076,華夏科技大學,私立,[01]新北市,[235]新北市中和區工專路111號,(02)89415100,http://www.hwh.edu.tw,[2]技職
114,1078,致理科技大學,私立,[01]新北市,[220]新北市板橋區文化路一段313號,(02)22576167,http://www.chihlee.edu.tw,[2]技職
114,1079,康寧大學,私立,[40]臺北市,[114]臺北市內湖區康寧路三段75巷137號,(02)26321181,http://www.ukn.edu.tw/,[1]一般
114,1080,宏國德霖科技大學,私立,[01]新北市,[236]新北市土城區青雲路380巷1號,(02)22733567,http://www.hdut.edu.tw/,[2]技職
114,1082,崇右影藝科技大學,私立,[17]基隆市,[201]基隆市信義區義七路40號,(02)24237785,http://www.cufa.edu.tw/,[2]技職
114,1083,台北海洋科技大學,私立,[01]新北市,[251]新北市淡水區濱海路三段150號,(02)28059999,http://www.tumt.edu.tw/app/home.php,[2]技職
114,1084,亞東科技大學,私立,[01]新北市,[220]新北市板橋區四川路二段58號,(02)77388000,https://www.aeust.edu.tw/,[2]技職
114,1085,馬偕醫學大學,私立,[01]新北市,[252]新北市三芝區中正路三段46號,(02)26360303,http://www.mmc.edu.tw,[1]一般
114,1125,中信金融管理學院,私立,[21]臺南市,[709]臺南市安南區台江大道三段600號,(06)2873335,https://www.ctbc.edu.tw/,[1]一般
114,1168,南亞技術學院,私立,[03]桃園市,[320]桃園市中壢區中山東路三段414號,(03)4361070,http://www.nanya.edu.tw/home.aspx,[2]技職
114,1183,黎明技術學院,私立,[01]新北市,[243]新北市泰山區泰林路三段22號,(02)29097811,http://www.lit.edu.tw,[2]技職
114,1185,德育護理健康學院,私立,[17]基隆市,[203]基隆市中山區復興路336號,(02)24372093,https://www.dyhu.edu.tw/,[2]技職
114,1196,法鼓文理學院,私立,[01]新北市,[208]新北市金山區西湖里法鼓路700號,(02) 24980707,http://www.dila.edu.tw/,[1]一般
114,1282,馬偕醫護管理專科學校,私立,[42]臺北市,[112]臺北市北投區聖景路92號,(02)28584180,http://www.mkc.edu.tw,[2]技職
114,1283,仁德醫護管理專科學校,私立,[05]苗栗縣,[356]苗栗縣後龍鎮溪洲里7鄰砂崙湖79之9號,(037)728855,http://www.jente.edu.tw,[2]技職
114,1284,樹人醫護管理專科學校,私立,[12]高雄市,[821]高雄市路竹區環球路452號,(07)6979333,http://www.szmc.edu.tw,[2]技職
114,1285,慈惠醫護管理專科學校,私立,[13]屏東縣,[926]屏東縣南州鄉三民路367號,(08)8647367,https://www.tzuhui.edu.tw/home,[2]技職
114,1286,耕莘健康管理專科學校,私立,[01]新北市,[231]新北市新店區民族路112號,(02)22191131,http://www.ctcn.edu.tw,[2]技職
114,1287,敏惠醫護管理專科學校,私立,[11]臺南市,[736]臺南市柳營區中山東路二段1116號,(06)6226111,https://www.mhchcm.edu.tw/,[2]技職
114,1289,育英醫護管理專科學校,私立,[55]高雄市,[807]高雄市三民區大昌二路420巷15號,(07)3811765,http://www.yuhing.edu.tw/releaseRedirect.do?unitID=1&pageID=95,[2]技職
114,1291,聖母醫護管理專科學校,私立,[02]宜蘭縣,[266]宜蘭縣三星鄉三星路二段265巷100號,(03)9897396,http://www.smc.edu.tw/,[2]技職
114,1292,新生醫護管理專科學校,私立,[03]桃園市,[325]桃園市龍潭區中豐路高平段418號,(03)4117578,https://www.hsc.edu.tw/,[2]技職
114,1293,崇仁醫護管理專科學校,私立,[10]嘉義縣,[622]嘉義縣大林鎮湖北里大湖1之10號,(05)2658880,http://www.cjc.edu.tw,[2]技職
114,3002,臺北市立大學,公立,[35]臺北市,[100]臺北市中正區愛國西路1號,(02)23113040,http://www.uTaipei.edu.tw,[1]一般
